Player,Age,Yrs,G,MP,FG,FGA,3P,3PA,FT,FTA,ORB,TRB,AST,STL,BLK,TOV,PF,PTS,PER,Draft pick,Height (No Shoes),Height (With Shoes),Wingspan,Standing reach,Vertical (Max),Vertical (Max Reach),Vertical (No Step),Vertical (No Step Reach),Weight,Body Fat,Hand (Length),Hand (Width),Bench,Agility,Sprint
Rodrigue Beaubois,21,1,56,700,155,299,45,110,42,52,12,78,74,29,12,54,84,397,27.28424857,25,73.25,74.25,81.75,100,39,139,29.5,129.5,182,7.9,,,3,10.49,3.15
DeJuan Blair,20,1,82,1494,275,495,0,2,88,161,200,526,65,50,39,112,224,638,23.76658233,37,77.25,78.5,86,106.5,33,139.5,26,132.5,277,12,,,18,11.5,3.45
Derrick Brown,22,1,57,535,68,147,2,7,48,72,31,78,19,21,10,19,53,186,18.44154019,40,79.5,80.5,86.5,107.5,35.5,143,30.5,138,225,8.6,,,20,11.26,3.13
Chase Budinger,21,1,74,1488,249,565,92,249,67,87,38,220,88,34,11,48,85,657,23.06736626,44,78.25,79,79,101,38.5,139.5,29.5,130.5,206,10,,,10,11.08,3.24
DeMarre Carroll,23,1,71,795,88,222,0,6,33,53,53,150,33,28,9,24,107,209,15.19850943,27,78.25,79.75,82,105,,,,,207,6.3,,,,,
Omri Casspi,21,1,77,1931,300,672,75,203,117,174,75,349,95,54,17,98,125,792,20.92270741,23,79.75,81.25,81.25,106.5,32.5,139,25.5,132,211,8.6,,,2,11.15,3.28
Earl Clark,22,1,51,383,56,151,2,5,26,36,18,62,21,7,13,23,25,140,18.87740731,14,80.5,82.25,86.5,109.5,33,142.5,28.5,138,228,5.2,,,5,11.17,3.35
Darren Collison,22,1,76,2109,376,789,46,115,148,174,41,192,432,78,4,202,92,946,24.55913276,21,72.25,73.5,75,96.5,33.5,130,30.5,127,166,5.7,,,9,10.45,3.1
Dante Cunningham,22,1,63,707,106,214,0,2,31,48,54,160,14,24,22,15,97,243,19.88566195,33,79,80.25,83,106.5,35,141.5,28,134.5,227,4.8,,,18,11.18,3.26
Stephen Curry,21,1,80,2896,528,1143,166,380,177,200,48,356,472,152,19,243,252,1399,26.26801416,7,74,75.25,75.5,97,35.5,132.5,29.5,126.5,181,5.7,,,10,11.07,3.28
Austin Daye,21,1,69,915,137,295,29,95,46,56,34,174,34,25,26,48,114,349,19.25302077,15,81.75,82.75,86.75,110,28,138,25,135,192,5.5,,,,12.11,3.55
Toney Douglas,23,1,56,1087,179,391,68,175,55,68,40,108,112,42,3,55,116,481,23.08084913,29,73,74,78,97.5,32.5,130,28,125.5,183,5.2,,,15,10.63,3.03
Wayne Ellington,22,1,76,1384,190,448,64,162,61,70,33,159,74,20,5,74,72,505,17.39415318,28,76.25,77.25,78.5,100,38,138,31.5,131.5,202,5.5,,,13,11.14,3.2
Tyreke Evans,20,1,72,2677,533,1165,36,141,348,465,66,380,414,109,26,216,204,1450,27.98430183,4,76,77.25,83.25,104,34,138,28.5,132.5,221,7.1,,,7,11.81,3.17
Jonny Flynn,20,1,81,2339,397,952,77,215,223,270,24,191,356,82,2,233,98,1094,22.91245789,6,71.25,72.75,76,95.5,40,135.5,33,128.5,196,6.3,,,10,10.86,3.23
Taj Gibson,24,1,82,2204,311,629,0,0,113,175,226,611,70,50,104,114,282,735,19.73487387,26,80.5,81.75,88,109,30,139,25.5,134.5,214,6.6,,,12,11.56,3.41
Danny Green,22,1,20,115,15,39,6,22,4,6,8,17,5,6,3,5,9,40,20.71790435,46,77.25,78.5,82,103,33,136,29,132,208,5.6,,,15,11.3,3.3
Tyler Hansbrough,24,1,29,511,81,225,0,4,84,113,60,138,28,17,8,21,70,246,26.76380626,13,80.25,81.5,83.5,106,34,140,27.5,133.5,234,8.5,,,18,11.12,3.27
James Harden,20,1,76,1738,233,578,93,248,194,240,47,244,137,80,20,106,200,753,22.11266456,3,76,77.25,82.75,103.5,37,140.5,31.5,135,222,10.1,,,17,11.1,3.13
Gerald Henderson,22,1,43,355,37,104,4,19,35,47,15,55,13,10,9,14,25,113,17.23629296,12,76,77,82.25,102.5,35,137.5,31.5,134,215,4.4,,,8,11.17,3.14
Jordan Hill,22,1,47,624,99,201,0,2,46,68,76,175,20,14,21,30,92,244,21.99769391,8,81.25,82.25,85.5,108,35,143,31,139,232,6,,,11,12.23,3.3
Jrue Holiday,19,1,73,1767,230,520,62,159,65,86,56,191,280,79,18,156,153,587,18.9069734,17,75.25,76.25,79,100.5,34,134.5,28.5,129,199,6.3,,,6,10.64,3.21
James Johnson,22,1,65,757,95,210,15,46,51,70,34,128,48,21,43,62,126,256,16.69227741,16,79,79.75,84.75,105.5,35,140.5,30.5,136,257,12,,,18,11.21,3.23
Ty Lawson,22,1,65,1318,201,390,34,83,106,140,42,124,203,48,2,82,89,542,22.70023141,18,71.25,72.5,72.75,94.5,36.5,131,29,123.5,197,6.6,,,14,10.98,3.12
Eric Maynor,22,1,81,1269,154,368,22,71,52,72,21,129,266,40,10,85,115,382,18.93606541,20,74.25,75.25,74.5,97,31.5,128.5,28.5,125.5,164,5.4,,,8,10.78,3.19
Jodie Meeks,22,1,60,719,104,268,42,132,31,39,9,99,39,18,5,25,52,281,19.96421001,41,75,76,76.5,98,37,135,28.5,126.5,211,8,,,14,10.96,3.1
Byron Mullens,20,1,13,54,7,19,0,0,0,0,3,10,1,2,0,4,13,14,9.731666667,24,83.75,85.25,85.5,111,32.5,143.5,28.5,139.5,258,8.5,,,10,11.1,3.45
A.J. Price,23,1,56,865,145,354,60,174,60,75,12,88,106,35,3,59,53,410,24.56566358,52,72.5,74,75.75,97,31,128,26,123,193,12.4,,,11,10.99,3.22
DaJuan Summers,22,1,44,405,46,130,15,42,27,38,14,45,16,8,7,16,52,134,15.50998519,35,79.25,80.5,84.75,106.5,34.5,141,29.5,136,243,6.6,,,15,10.94,3.17
Jermaine Taylor,23,1,31,303,45,119,5,22,33,46,21,46,16,10,3,19,15,128,21.55056436,32,75.5,76.75,80.75,101,37.5,138.5,34,135,207,5.8,,,16,11.54,3.32
Jeff Teague,21,1,71,719,90,227,7,32,41,49,5,67,122,34,11,50,82,228,18.57157719,19,72.25,73.5,79.5,98.5,36.5,135,30.5,129,175,4.5,,,13,11.05,3.18
Hasheem Thabeet,22,1,68,883,77,131,0,0,54,93,85,243,11,15,89,43,162,208,15.39531144,2,85.25,86.5,90.25,113,,,,,267,6.7,,,,,
Marcus Thornton,22,1,73,1872,398,883,117,313,144,177,72,211,114,58,11,76,127,1057,28.00715972,43,74.75,75.75,77,99,33,132,31,130,194,4.8,,,14,10.73,3.28
Marcus Thornton,22,1,73,1872,398,883,117,313,144,177,72,211,114,58,11,76,127,1057,28.00715972,45,73.75,74.75,79.75,97.5,43,140.5,34.5,132,177,5.3,8.25,8.5,3,10.96,3.02
Terrence Williams,22,1,78,1764,261,651,31,100,103,144,46,348,223,43,10,124,126,656,20.33323413,11,77,78.25,81,103.5,37,140.5,30.5,134,213,5.1,,,9,11.15,3.18
Sam Young,24,1,80,1321,224,497,11,56,136,175,77,201,52,34,20,94,106,595,21.02541711,36,77.25,78.75,82.75,105.5,33,138.5,27.5,133,223,4.9,,,,11.47,3.45
Jeff Adrien,24,1,23,196,23,54,0,0,11,19,23,58,10,4,5,9,28,57,18.0559949,,77.25,78.5,86,107.5,31.5,139,27.5,135,236,7.9,,,16,11.34,3.32
Solomon Alabi,22,1,12,59,3,15,0,0,0,2,7,14,2,2,2,3,5,6,10.21684746,50,83.5,84.75,89,113,26,139,22.5,135.5,237,5,9.25,9.25,10,13.2,3.68
Cole Aldrich,22,1,18,142,8,15,0,0,2,4,13,35,4,5,7,8,30,18,9.224922535,11,81,83.25,88.75,111.5,28,139.5,23,134.5,236,8.5,9,9.25,10,11.48,3.35
Al-Farouq Aminu,20,1,81,1452,160,406,45,143,92,119,75,267,60,59,25,103,121,457,16.67754132,8,79.25,80.5,87.25,108.5,33.5,142,27,135.5,216,8.2,9.5,9.5,13,11.29,3.3
James Anderson,21,1,26,286,31,81,18,46,14,18,2,23,18,3,6,13,24,94,15.61436713,20,76.75,77.75,80.5,104,35.5,139.5,30,134,208,7.9,9,7,14,11.86,3.19
Luke Babbitt,21,1,24,137,15,55,3,16,3,9,6,30,6,2,2,8,15,36,12.82823358,16,79.5,80.75,83.25,104.5,37.5,142,29.5,134,218,5.6,8.5,10,15,10.98,3.4
Eric Bledsoe,21,1,81,1841,206,486,32,116,99,133,68,223,289,92,26,194,130,543,17.14461108,18,72.25,73.5,79.5,98,,,,,192,5.6,8.5,9.75,9,,
Trevor Booker,23,1,65,1063,139,253,0,1,68,101,98,251,35,29,42,38,115,346,19.71244591,23,78.25,79.5,81.75,106,36,142,31,137,236,7.3,9,9.5,22,11.15,3.1
Craig Brackins,23,1,3,33,4,16,0,5,0,0,2,4,1,1,0,0,3,8,14.80260606,21,80.5,81.75,84,109,35,144,26,135,229,7.9,9.5,11.25,6,11.65,3.39
Avery Bradley,20,1,31,162,23,67,0,5,6,12,4,17,12,9,0,16,20,52,13.45537037,19,74,75.25,79.25,98.5,37.5,136,31.5,130,180,4,8.25,9.5,2,11.47,3.14
Derrick Caracter,22,1,41,215,32,66,0,0,17,23,19,43,7,4,10,19,47,81,16.4722,58,80.25,81.5,84.25,107.25,30.5,137.75,25,132.25,280,12.8,9,10.25,22,12.78,3.61
Sherron Collins,23,1,20,66,7,25,2,10,1,1,0,5,8,2,0,4,2,17,14.55360606,,70.25,71.75,74.5,94,33,127,27.5,121.5,217,9.2,8.5,9.5,,12.31,3.24
DeMarcus Cousins,20,1,81,2309,432,1004,3,18,276,402,217,699,204,85,68,268,332,1143,24.87365006,5,81.5,82.75,89.75,113,27.5,140.5,23.5,136.5,292,16.4,9.25,10,,11.4,3.55
Jordan Crawford,22,1,42,1027,192,500,33,128,73,84,31,105,117,39,3,83,63,490,23.78377994,27,75,76.5,79,101,34.5,135.5,31.5,132.5,198,4.9,8,9,7,11.03,3.37
Ed Davis,21,1,65,1602,215,373,0,0,71,128,168,462,40,39,67,48,183,501,19.94015668,13,81,81.75,84,108,36,144,31,139,227,10,9.25,10,,11.7,3.21
Devin Ebanks,21,1,20,118,21,51,2,5,18,23,15,27,2,4,5,6,7,62,29.25427966,43,79,80.25,84.25,107.5,32,139.5,23.5,131,208,7.9,8.25,9,6,11.69,3.44
Derrick Favors,19,1,78,1535,215,416,0,0,103,173,171,412,39,29,68,77,246,533,19.11443322,3,80.75,82.25,88,110,35.5,145.5,31.5,141.5,245,6.5,8.75,9.25,14,11.74,3.25
Paul George,20,1,61,1265,179,395,41,138,77,101,37,224,65,62,26,70,127,476,20.14681265,10,79.75,80.75,83.25,107,,,,,214,5,8.5,9,4,,
Blake Griffin,21,1,82,3112,696,1376,7,24,446,695,270,989,312,63,45,223,252,1845,31.11597333,1,80.5,82,83.25,105,35.5,140.5,32,137,248,8.2,,,22,10.95,3.28
Luke Harangody,23,1,49,640,79,206,16,66,19,26,40,143,30,15,17,16,80,193,18.32119375,52,78.25,80,81.75,106,31,137,27,133,240,11.2,8.75,9.75,23,11.15,3.33
Manny Harris,21,1,54,933,108,289,34,92,71,93,36,140,85,31,7,63,65,321,18.48150054,,76,77.5,79.25,102,,,,,185,3.8,8.5,9,11,,
Gordon Hayward,20,1,72,1218,142,293,35,74,69,97,41,139,81,30,19,70,106,388,15.8503046,9,78.75,80,79.75,103,34.5,137.5,30.5,133.5,211,6.9,8.5,9.25,10,11.73,3.22
Lazar Hayward,24,1,42,419,55,154,17,60,33,42,23,70,28,12,7,19,44,160,20.70390215,30,76.5,77.75,84.75,102,36,138,31,133,226,7.5,9.25,9.5,15,10.87,3.31
Xavier Henry,19,1,38,527,65,160,2,17,33,52,9,37,18,11,3,13,48,165,14.09096015,12,77.25,78.5,83.25,105,36.5,141.5,28.5,133.5,210,4.7,8.75,10,8,11.1,3.18
Damion James,23,1,25,403,46,103,0,3,18,28,17,85,20,16,12,25,36,110,15.68473697,24,78.25,79.5,84.75,106,37,143,30,136,224,8.2,9.25,8.5,14,11.23,3.09
Armon Johnson,21,1,38,277,46,101,5,12,13,22,11,36,45,5,1,38,31,110,17.06222383,34,74,75.25,80,99.5,38.5,138,31.5,131,195,5.6,8.25,9.25,18,11.25,3.19
Wesley Johnson,23,1,79,2069,271,682,103,289,64,92,51,240,148,58,54,95,163,709,18.50233494,4,78.25,79.25,85,106,37,143,32,138,206,4.6,9,9.5,16,11.43,3.14
Dominique Jones,22,1,18,135,14,45,0,4,14,17,6,25,19,5,3,10,7,42,19.99703704,25,75.25,77,81.25,101,32.5,133.5,26,127,216,5.9,9,10.25,19,10.88,3.31
Gani Lawal,22,1,1,2,0,0,0,0,0,0,0,0,0,0,0,0,1,0,-8.587,46,79.75,81,84,106,34.5,140.5,30,136,229,7.2,8.5,10,17,11.93,3.34
Greg Monroe,20,1,80,2222,303,550,0,1,145,233,248,601,105,93,45,81,196,751,21.89524437,7,81.75,83,86.25,108.5,29,137.5,25,133.5,247,11.2,8.75,9.5,15,12.1,3.35
Patrick Patterson,21,1,52,868,149,267,0,2,30,42,86,200,41,17,37,31,77,328,22.81868318,14,80,81.25,85.25,107,33.5,140.5,28.5,135.5,240,5.3,9.25,10.25,17,11.14,3.25
Dexter Pittman,22,1,2,11,1,3,0,0,0,0,1,3,0,0,0,2,2,2,1.124727273,32,81.5,83.5,90,111,,,,,303,20.8,10.25,10.5,,,
Andy Rautins,24,1,5,24,3,7,1,4,1,2,0,1,3,1,0,7,0,8,5.483208333,38,76.25,77,79,100,30.5,130.5,23.5,123.5,192,6.2,8,9.75,8,11.27,3.49
Larry Sanders,22,1,60,872,116,268,0,0,28,50,59,178,16,22,72,38,117,260,17.66326032,15,81.25,82.5,89.75,112,28,140,25.5,137.5,222,4.6,9.75,11,7,12.49,3.27
Lance Stephenson,20,1,12,115,13,39,0,5,11,14,1,18,21,4,0,16,14,37,14.80067826,40,76.5,77.75,82.5,103,33,136,27,130,227,9.3,9,10.25,10,11.39,3.38
Evan Turner,22,1,78,1797,225,529,14,44,101,125,42,306,159,49,14,80,138,565,17.72599944,2,77.75,79,80,103.5,34.5,138,27.5,131,214,8.6,8.75,9.5,9,11.06,3.27
Ekpe Udoh,23,1,58,1030,97,222,0,0,42,64,80,181,40,22,86,48,144,236,14.91495825,6,80.75,81.75,88.5,106.5,33.5,140,31,137.5,237,8,9.5,8.75,10,11.15,3.29
John Wall,20,1,69,2606,398,972,34,115,301,393,35,317,574,121,35,261,175,1131,24.73067268,1,74.75,76,81.25,101.5,39,140.5,30,131.5,196,5.6,8.25,9.5,,10.84,3.14
Willie Warren,21,1,19,134,13,35,5,15,6,8,1,12,27,6,0,8,16,37,17.69530597,54,74.5,75.75,78,99.5,31.5,131,23,122.5,208,7.6,8.5,9.5,10,11.21,3.5
Hassan Whiteside,21,1,1,2,0,0,0,0,0,0,0,0,0,0,0,0,2,0,-17.174,33,82.5,83.5,91,113,31.5,144.5,27,140,227,5.5,8.25,10.25,12,11.83,3.54
Keith Benson,23,1,3,9,0,1,0,0,0,0,2,3,0,0,0,0,0,0,10.343,48,82,83,87.75,109.5,36,145.5,31.5,141,217,6.1,9.5,11,12,11.88,3.35
Alec Burks,20,1,59,939,153,357,15,45,104,143,57,132,55,27,5,51,84,425,22.05837274,12,77,78,82,103.5,36,139.5,29,132.5,193,5.1,9,8.25,5,10.96,3.17
Jimmy Butler,22,1,42,359,32,79,2,11,43,56,23,56,14,11,5,14,20,109,17.18313092,30,78,79.75,79.5,101.5,39,140.5,32,133.5,222,5.4,9,9,14,11.92,3.15
Norris Cole,23,1,65,1260,177,450,21,76,66,85,21,91,133,44,2,105,124,441,15.97509206,28,72.25,73.75,74.25,95.5,38.5,134,29.5,125,174,4.7,8.5,9.5,11,10.07,3.22
Kenneth Faried,22,1,46,1037,181,309,0,0,109,164,142,352,36,34,47,54,116,471,27.21739441,22,78,79.5,84,108,35,143,30.5,138.5,225,6.3,8.5,10.25,16,11.35,3.26
Jimmer Fredette,22,1,61,1135,172,446,78,216,40,48,17,73,108,30,3,67,73,462,19.93943172,10,72.75,74.5,76.5,96.5,33,129.5,28,124.5,196,7.7,8,8.5,14,10.42,3.21
Andrew Goudelock,23,1,40,419,68,174,28,75,11,12,5,31,20,4,0,21,32,175,18.12013126,46,73.25,74.75,76.25,96.5,37,133.5,32.5,129,198,9.9,8.25,9.25,4,10.33,3.1
Jordan Hamilton,21,1,26,258,48,111,17,47,2,5,11,62,20,4,3,16,15,115,23.73972481,26,78.75,80.5,81.5,104,32,136,25,129,228,9.8,9,9.25,7,11.47,3.3
Justin Harper,22,1,14,84,9,31,2,13,0,1,3,12,2,2,3,6,5,20,11.80966667,32,80,80.75,83.75,106,33,139,28.5,134.5,228,4,9,9.25,19,11.92,3.3
Tobias Harris,19,1,42,479,79,169,6,23,44,54,30,101,22,13,7,31,45,208,21.86189353,19,78.5,79.75,83,103.5,37.5,141,31.5,135,223,8.4,8.75,9,12,10.96,3.17
Darington Hobson,24,1,5,39,2,13,0,6,0,0,0,3,6,0,0,2,1,4,7.667564103,37,77.25,78.5,81.25,104.5,34,138.5,29,133.5,204,6.2,8.25,9,,11.68,3.25
Tyler Honeycutt,21,1,15,88,8,24,1,3,3,5,3,14,7,4,3,2,3,20,17.44679545,35,78.75,80.25,81,105,37,142,30,135,187,5.3,8.5,9.5,,11.68,3.07
Charles Jenkins,22,1,51,893,130,291,3,20,34,39,8,68,170,33,6,60,85,297,19.29116125,44,73.5,75.25,79.5,96.5,34,130.5,29.5,126,216,4.3,8.5,9,16,11.68,3.18
Jerome Jordan,25,1,21,108,17,33,0,0,8,10,14,27,4,1,6,2,15,42,24.04851852,44,83.5,84.75,89.25,113,,,,,244,6.9,9,10.25,,,
Cory Joseph,20,1,29,266,22,70,3,15,11,17,5,25,34,7,3,12,16,58,13.84379323,29,74,75.25,77.5,99,35,134,27.5,126.5,186,9.7,8.5,10.5,5,10.75,3.27
Brandon Knight,20,1,66,2129,319,769,105,276,104,137,33,211,251,49,10,171,154,847,19.18053781,8,73.5,75.25,78.75,98.5,37.5,136,29,127.5,177,4.2,8.25,9.5,10,10.74,3.07
Malcolm Lee,21,1,19,243,23,59,2,10,14,17,9,26,31,8,4,17,22,62,15.0064856,43,76,77.5,81.75,101.5,35.5,137,30,131.5,198,5.9,8.5,9.5,17,11.2,3.09
Kawhi Leonard,20,1,64,1534,199,404,41,109,68,88,104,327,70,85,24,44,88,507,21.78852868,15,78,79,87,106,32,138,25.5,131.5,227,5.4,9.75,11.25,3,11.45,3.15
Travis Leslie,21,1,10,45,5,14,0,0,4,9,6,9,5,2,2,2,4,14,21.75122222,47,75,76.25,82.5,103,40.5,143.5,33,136,205,8.1,8.75,9.25,10,11,3.13
Jon Leuer,22,1,46,555,97,191,3,9,21,28,45,120,25,14,17,18,67,218,22.27951892,40,82,83.5,84,105.5,36.5,142,29.5,135,223,5.4,8.75,9.75,17,10.82,3.36
DeAndre Liggins,23,1,17,115,12,25,0,4,9,19,6,15,5,6,0,10,6,33,12.81626957,53,77,78.25,83,103.5,31,134.5,27,130.5,202,5,8.75,10,6,,3.33
Shelvin Mack,21,1,64,779,88,220,12,42,42,59,12,92,131,28,2,48,50,230,18.14938896,34,73,74.5,79.5,96.5,39,135.5,32,128.5,209,7.1,8.25,9.25,17,11.23,3.18
E'Twaun Moore,22,1,38,331,43,113,17,45,7,7,4,33,34,11,3,21,33,110,17.14819637,55,74.5,76,81.5,99.5,34.5,134,32,131.5,191,7.6,9,10,,11.12,3.31
Darius Morris,21,1,19,169,18,42,4,9,6,9,2,16,21,2,0,19,16,46,10.62524852,41,75.25,77.25,79.5,102,32,134,24.5,126.5,190,5.3,8.75,10,12,11,3.2
Marcus Morris,22,1,17,126,16,54,2,17,6,8,5,16,3,2,2,4,12,40,15.4382381,14,79,80.75,82,105.5,33,138.5,29,134.5,230,8,8.25,8.5,11,,3.15
Markieff Morris,22,1,63,1227,174,436,43,124,76,106,69,279,65,41,42,70,179,467,20.52712877,13,79.75,81.25,82.75,106.5,31.5,138,27,133.5,241,10.2,8.5,8.25,11,,3.4
Daniel Orton,21,1,16,187,17,30,0,1,11,25,19,39,5,8,9,7,30,45,14.96263636,29,80.75,81.5,88.25,110.5,30.5,141,24,134.5,269,13.8,8.5,9.75,13,12.32,3.39
Chandler Parsons,23,1,63,1804,248,549,60,178,43,78,90,300,134,73,29,81,142,599,19.54055654,38,80.75,81.75,81.5,104.5,31.5,136,25.5,130,221,7,8.25,10,4,11.05,3.29
Josh Selby,20,1,28,237,25,72,2,15,11,14,2,15,30,7,0,29,17,63,10.71086498,49,73.75,75,77.25,98,42,140,29.5,127.5,195,7.9,8.5,9,5,11.13,3.2
Iman Shumpert,21,1,59,1705,214,534,48,157,87,109,42,186,164,101,8,111,173,563,18.03920997,17,76.25,77.5,81.5,99.5,42,141.5,36.5,136,222,6.5,9,9,18,11.1,3.18
Chris Singleton,22,1,66,1431,116,312,44,127,30,44,43,233,49,70,30,38,176,306,13.57330328,18,79.75,81,85,103.5,37.5,141,30.5,134,230,7.4,9.25,10,15,11.33,3.09
Greg Smith,21,1,8,69,7,11,0,0,0,0,5,20,1,2,5,1,17,14,14.6447971,,80,81.25,86.5,106.5,36,142.5,29.5,136,253,7.4,9.75,12,17,12.43,3.36
Nolan Smith,23,1,44,541,67,180,13,45,20,28,17,56,62,18,3,42,55,167,15.66401479,21,73.5,75.5,77.5,99,34,133,28.5,127.5,188,5.6,8.5,9.25,9,11.05,3.17
Isaiah Thomas,22,1,65,1656,256,571,83,219,154,185,48,168,266,53,8,105,121,749,24.86893961,60,68.75,70.25,73.75,91.5,40,131.5,31.5,123,186,6.7,8.25,9,13,10.49,3.14
Malcolm Thomas,23,1,3,15,0,3,0,0,1,2,1,3,1,1,1,0,0,1,14.8748,,79.5,80.75,84.5,107.5,36.5,144,32,139.5,223,5.9,9.5,10.5,5,11.31,3.29
Trey Thompkins,21,1,24,119,24,61,4,13,5,7,4,24,3,3,3,6,10,57,23.54605882,37,80.5,81.75,85,107.5,30.5,138,27.5,135,239,15.5,9.25,9.75,15,11.72,3.41
Klay Thompson,21,1,66,1608,318,718,111,268,79,91,24,161,133,49,20,103,155,826,24.44211567,11,77.75,79.25,81,103.5,31.5,135,26.5,130,206,8,8.75,9.25,5,10.99,3.24
Tristan Thompson,20,1,60,1424,194,442,0,2,106,192,187,389,27,27,62,81,134,494,19.91427879,4,79.5,80.75,85.25,108.5,35,143.5,30,138.5,227,6.2,8.75,9.25,9,10.92,3.26
Jeremy Tyler,20,1,42,568,88,209,0,1,29,52,54,140,16,16,20,36,84,205,18.75991197,39,81,82.5,89,110.5,33.5,144,28,138.5,262,13.4,9.25,9,10,11.26,3.29
Kemba Walker,21,1,66,1792,281,767,69,226,168,213,30,234,289,60,20,119,79,799,25.17997768,9,71.5,73,75.5,91.5,39.5,131,32,123.5,184,5.9,8,9,7,10.87,3.16
Derrick Williams,20,1,66,1418,205,498,37,138,136,195,77,311,38,30,31,77,95,583,20.8315268,2,79.25,80.75,85.5,108,34.5,142.5,29,137,248,10.8,9,9.75,19,11.03,3.23
Jordan Williams,21,1,43,635,77,152,0,0,43,66,66,156,11,21,15,23,61,197,18.7265685,36,79.75,81,84.25,106.5,30.5,137,25,131.5,247,12.1,9.25,10,10,12.74,3.45
Quincy Acy,22,1,29,342,42,75,1,2,31,38,30,77,11,13,15,17,53,116,19.53786842,37,78.5,79.75,86.75,106.5,37,143.5,32,138.5,224,7.1,9.5,11,13,10.48,3.28
Harrison Barnes,20,1,81,2058,276,628,52,145,144,190,53,333,98,52,14,101,140,748,18.13447085,7,79,80,83.25,101.5,39.5,141,38,139.5,228,9.6,9,8.5,15,10.93,3.16
Will Barton,22,1,73,894,118,309,9,65,50,65,36,145,58,34,9,60,56,295,17.51553803,40,77,78,81.75,102.5,34,136.5,30,132.5,174,4.1,9,9.5,,12.5,3.6
Bradley Beal,19,1,56,1745,282,687,91,236,125,159,43,211,137,50,29,90,113,780,22.95455645,3,75.25,76.75,80,100,39,139,33,133,202,6,8.5,9,8,10.95,3.28
Jae Crowder,22,1,78,1353,141,367,63,192,47,73,35,187,94,63,17,49,128,392,17.10466962,34,76.75,78.5,81.25,99.5,34.5,134,31,130.5,241,9,9.5,10.5,20,11.45,3.37
Jared Cunningham,21,1,8,26,6,14,2,3,2,2,1,3,1,1,0,2,3,16,27.32792308,24,75.5,77,78.5,98,,,,,188,3.6,8.25,9,4,,
Anthony Davis,19,1,64,1846,349,676,0,6,169,225,165,522,63,75,112,89,158,867,27.95066576,1,81.25,82.5,89.5,108,,,,,222,7.9,9,8.5,,,
Andre Drummond,19,1,60,1243,208,342,1,2,59,159,169,457,30,59,95,57,144,476,25.68995656,9,81.75,83.75,90.25,109.5,33.5,143,31.5,141,279,7.5,9.5,9.5,10,10.83,3.39
Kim English,24,1,41,407,42,112,14,50,21,29,8,37,26,16,3,19,46,119,14.65192875,44,76.5,77.75,78.5,98,36.5,134.5,29,127,192,4.3,8.5,8.75,,10.59,3.33
Festus Ezeli,23,1,78,1120,74,169,0,0,43,81,141,313,22,23,74,63,157,191,12.92354196,30,81.75,83.5,89.75,108,33.5,141.5,34,142,264,5.5,9,10.75,18,12.35,3.29
Draymond Green,22,1,79,1061,84,257,14,67,45,55,58,260,53,42,25,51,159,227,13.84908483,35,77.75,79.5,85.25,105,33,138,28,133,236,11.3,9,9.5,9,11.01,3.4
John Henson,22,1,63,827,162,336,0,3,56,105,116,297,31,19,42,47,83,380,27.26807376,14,81,82.5,89,112,30,142,25.5,137.5,216,8.6,9.25,10,5,,
Bernard James,27,1,46,457,53,103,0,2,25,41,52,131,6,12,38,18,64,131,19.42537418,33,80.75,82,87,108.5,32.5,141,30,138.5,230,5,9,9.25,6,11.84,3.4
John Jenkins,21,1,61,902,131,294,53,138,59,70,17,94,56,12,10,40,37,374,20.54114412,23,75.25,76.25,80.5,98,36.5,134.5,30.5,128.5,212,7.1,9,9,10,11.36,3.37
Orlando Johnson,23,1,51,619,72,180,36,94,23,32,20,110,47,11,9,29,51,203,18.07645719,36,75.75,77.25,83.25,99,39.5,138.5,32,131,224,7,9,9.5,13,10.98,3.25
Darius Johnson-Odom,23,1,4,6,0,4,0,1,0,0,1,4,1,0,0,0,0,0,19.66466667,55,73.5,75,79,96,41.5,137.5,33.5,129.5,212,7,8.75,8.75,17,10.76,3.21
Kevin Jones,23,1,32,334,43,107,0,0,9,15,38,78,10,9,5,8,25,95,18.68250299,,78.25,79.5,85.5,105,32.5,137.5,27.5,132.5,251,11.2,9,7.75,17,11.94,3.6
Perry Jones,21,1,38,280,39,99,0,2,10,15,12,62,10,5,6,15,23,88,16.32876071,28,82.25,83.25,85.75,107,38.5,145.5,33,140,234,4.6,9.25,9.5,11,11.31,3.19
Terrence Jones,21,1,19,276,43,94,5,19,13,17,28,65,15,12,19,13,21,104,25.26532246,18,80.25,81.5,86.25,107,34.5,141.5,29.5,136.5,252,7.7,9,10,12,11.57,3.4
Kris Joseph,24,1,10,54,2,14,0,3,5,8,1,7,1,3,0,2,3,9,9.449185185,51,78,79,83,104,35,139,28.5,132.5,215,8.6,9,9,6,,3.46
Michael Kidd-Gilchrist,19,1,78,2025,281,613,2,9,140,187,131,455,117,54,70,101,164,704,20.34963901,2,77.75,79.5,84,104.5,35.5,140,32,136.5,233,7,9,10.25,6,11.77,3.18
Doron Lamb,21,1,47,577,60,163,14,37,20,34,8,46,32,13,0,26,52,154,11.99855286,42,75.25,76.75,78.75,98.5,33.5,132,29,127.5,199,6.7,8.5,8.75,2,11.12,3.41
Jeremy Lamb,20,1,23,147,24,68,9,30,14,14,5,18,5,2,2,6,13,71,23.01727211,12,76,77.25,83,102,38,140,31.5,133.5,179,4.5,8.75,9.25,5,10.98,3.25
Meyers Leonard,20,1,69,1206,151,277,3,7,72,89,80,255,33,11,38,49,168,377,16.22565672,11,83.75,85.25,87,108,32.5,140.5,30,138,250,5.7,9.25,11,19,11.34,3.41
Damian Lillard,22,1,82,3167,553,1288,185,503,271,321,42,257,531,74,19,243,172,1562,25.47435459,6,73.75,74.75,79.75,95.5,39.5,135,34.5,130,189,5.9,8.75,9.75,13,11.15,3.34
Scott Machado,22,1,6,21,3,6,0,1,2,2,0,1,6,2,0,8,0,8,11.94319048,,73,74,76,94.5,32.5,127,27,121.5,206,5.8,8.5,9.5,17,11.26,3.3
Kendall Marshall,21,1,48,702,56,151,23,73,8,14,4,42,143,22,4,57,48,143,13.35617521,13,75.25,76.25,77.5,96,37,133,31,127,198,7.8,8.5,9,,12.03,3.23
Fab Melo,22,1,6,36,3,6,0,0,1,4,0,3,0,2,2,1,7,7,8.346722222,22,82.75,84,86.5,110,31,141,29.5,139.5,255,9.2,9,10,9,12.14,3.44
Khris Middleton,21,1,27,475,62,141,14,45,27,32,4,50,28,15,4,11,53,165,17.85629895,39,78.75,80.25,82.75,103,31,134,28,131,216,7.8,9,9,4,11.45,3.47
Darius Miller,22,1,52,694,44,108,22,56,8,8,8,78,44,17,12,23,89,118,9.770409222,46,78,79.5,81,101,37,138,33,134,233,7.5,8.5,8.75,14,11.34,3.31
Quincy Miller,20,1,7,26,4,12,0,1,1,2,1,2,3,1,0,1,3,9,18.33846154,38,80.75,82,85.25,105,36,141,30.5,135.5,219,7.8,9.25,10.25,8,11.05,3.48
Arnett Moultrie,22,1,47,542,78,134,0,0,18,28,76,145,10,17,10,19,43,174,20.71752214,27,81.5,82.75,86.25,106.5,37.5,144,33.5,140,233,7.7,9.25,9.25,10,11.32,3.22
Kevin Murphy,22,1,17,52,7,28,1,5,0,0,0,4,2,1,0,3,4,15,11.63113462,47,77,78.25,78.75,99,36.5,135.5,31,130,194,5.8,8.5,8.5,11,10.97,3.42
Andrew Nicholson,23,1,75,1249,256,486,0,0,75,94,69,258,44,24,32,79,133,587,22.52980785,19,80.5,81.5,88,107,30.5,137.5,28.5,135.5,234,7.6,10,10.75,10,11.89,3.67
Kyle O'Quinn,22,1,57,638,101,197,0,1,30,45,65,209,52,11,26,37,107,232,21.98943103,49,80.5,82,88.75,106.5,31.5,138,31.5,138,241,8,9.5,10,,11.65,3.53
Miles Plumlee,24,1,14,55,5,21,0,0,3,4,12,22,2,0,3,3,5,13,20.12194545,26,82.5,83.75,84.75,105.5,40.5,146,34,139.5,252,11.4,9.25,9,15,10.64,3.36
Austin Rivers,20,1,61,1418,145,390,28,86,59,108,16,109,127,26,9,74,122,377,12.52097179,10,75.5,77,79.25,96.5,37.5,134,32.5,129,203,6.2,8.5,10,1,11.54,3.32
Thomas Robinson,21,1,70,1056,138,321,0,1,57,109,122,315,46,41,26,88,124,333,18.04165814,5,79.75,80.75,87.25,106,35.5,141.5,28.5,134.5,244,5,9.75,10.5,15,11.96,3.17
Terrence Ross,21,1,73,1239,186,457,65,196,30,42,35,144,53,43,14,48,122,467,18.97035028,8,78,79,79.25,100.5,37.5,138,31,131.5,197,3.2,8.75,10.25,2,11.78,3.28
Mike Scott,24,1,40,376,70,147,0,1,43,56,39,110,12,4,2,21,32,183,24.91528191,43,79.25,80.75,82.75,104,32.5,136.5,27,131,241,10.6,8.5,9,14,11.59,3.44
Henry Sims,22,1,2,5,2,3,0,0,0,0,2,2,0,0,0,1,1,4,35.8258,,82,83.75,88,108,29.5,137.5,26.5,134.5,241,7.7,9.25,10,7,12.33,3.44
Kyle Singler,24,1,82,2293,275,642,70,200,100,124,109,330,77,57,37,98,217,720,16.20415918,33,79.5,80.5,82.1,106,30,136,23,129,228,10,8.25,8.75,10,11.22,3.21
Jared Sullinger,20,1,45,892,111,225,1,5,47,63,92,264,35,22,22,29,154,270,18.67366592,21,79.75,81,85.25,105.5,31,136.5,29.5,135,268,10.7,9.25,9.75,9,12.77,3.81
Jeff Taylor,23,1,77,1507,172,399,53,154,75,103,51,150,63,47,15,48,136,472,16.13012011,31,78,79.25,78.25,101.5,40,141.5,33.5,135,213,4.2,8.25,9.75,15,10.87,3.29
Tyshawn Taylor,22,1,38,221,32,87,6,13,15,27,2,18,21,13,0,25,25,85,15.77846154,41,74.75,76,78.25,97.5,36.5,134,32,129.5,177,4.2,8.75,8.75,,11.48,3.2
Marquis Teague,19,1,48,392,43,113,4,23,9,16,3,44,63,9,7,35,47,99,13.14582653,29,73,74,79.25,96.5,40.5,137,32.5,129,180,6.3,8.25,7.75,8,10.65,3.19
Jarvis Varnado,24,1,13,58,3,7,0,0,2,4,2,9,3,1,2,6,10,8,4.030224138,41,80.25,82,87.5,109.5,32.5,142,29.5,139,210,9.5,9.25,9.5,3,11.61,3.37
Dion Waiters,21,1,61,1756,336,815,63,203,159,213,22,149,183,59,16,121,113,894,24.43651253,4,74.5,76,79.25,98,,,,,221,8.5,8.5,9.5,,,
Tony Wroten,19,1,35,272,33,86,4,16,21,29,13,28,43,8,4,29,34,91,16.64436765,25,76.75,78,81,101,35.5,136.5,30,131,203,5.2,8,9,,10.75,3.24
Tyler Zeller,23,1,77,2033,245,559,0,4,120,157,159,438,96,35,70,95,251,610,17.11177767,17,83.25,84.5,84,104.5,34,138.5,30,134.5,247,6.4,9,9.75,16,11.13,3.4
Steven Adams,20,1,81,1197,93,185,0,0,79,136,142,332,43,40,57,71,203,265,14.59675856,12,82.75,84,88.5,109.5,33,142.5,28.5,138,255,6.7,9.5,11,16,11.85,3.4
Vander Blue,21,1,3,15,2,4,0,1,1,5,0,3,1,0,0,2,1,5,6.142066667,,75.5,77.25,78,100.5,37.5,138,28,128.5,197,4.6,8.5,9.5,4,10.4,3.14
Lorenzo Brown,23,1,26,224,26,86,3,30,9,13,8,28,41,13,3,16,19,64,19.59447321,52,76,77.25,79,100,34,134,28,128,189,4,8.25,8.5,8,11.78,3.4
Reggie Bullock,22,1,43,395,43,121,22,73,7,9,11,54,12,9,1,13,26,115,15.13217722,25,77.75,79,80.75,102,36.5,138.5,31,133,200,7,8.5,9,11,11.33,3.31
Trey Burke,21,1,70,2262,341,897,111,336,102,113,37,208,396,42,6,131,145,895,22.2115924,9,71.75,73.25,77.5,97.5,36.5,134,29.5,127,187,6.9,8.25,8.75,3,11.2,3.16
Kentavious Caldwell-Pope,20,1,80,1583,182,460,59,185,47,61,38,156,55,75,12,28,145,470,16.58547947,8,76.5,77.5,80,100.5,34.5,135,29,129.5,204,6.5,8.5,9,7,10.6,3.12
Isaiah Canaan,22,1,22,252,31,87,18,55,21,29,7,24,22,8,4,21,25,101,18.7771627,34,71,72,76.5,94.5,40.5,135,33,127.5,188,5.9,8.25,9.5,16,10.98,3.22
Michael Carter-Williams,22,1,70,2414,427,1054,55,208,258,367,101,437,441,130,43,247,213,1167,27.06700663,11,76.75,77.75,79.25,101,41,142,31.5,132.5,184,4.4,7.5,8.5,8,10.68,3.22
Dionte Christmas,27,1,31,198,22,62,9,31,18,24,13,38,8,2,3,6,19,71,19.2360303,,76.25,77.5,81,102.5,33.5,136,27,129.5,211,7.1,,,3,10.83,3.21
Robert Covington,23,1,7,34,6,14,4,11,0,0,2,5,0,2,0,1,3,16,24.92247059,,78.25,79.5,85.75,106,36,142,29.5,135.5,209,4.7,9,8.5,9,11.69,3.34
Allen Crabbe,21,1,15,100,12,33,6,14,3,4,1,9,6,2,1,3,10,33,16.40367,31,77.25,78.25,83.25,103.5,36,139.5,30.5,134,197,4.7,8.25,8.5,10,10.67,3.32
Seth Curry,23,1,2,13,1,3,1,1,0,0,0,1,0,2,0,0,0,3,20.01292308,,73,75,76,97.5,,,,,179,9.6,8,8.25,,,
Brandon Davies,22,1,51,575,54,128,2,10,34,53,38,109,28,24,8,35,92,144,13.21508348,,80.5,82.25,85.5,108.5,31.5,140,26,134.5,242,8.6,9,11,7,11.22,3.5
Gorgui Dieng,24,1,60,818,113,227,1,1,59,93,103,300,39,30,50,54,108,286,23.15132029,21,81.75,82.75,87.5,111.5,,,,,230,5.4,9,10,,,
Carrick Felix,23,1,7,38,7,14,2,5,3,4,1,6,4,0,0,4,4,19,20.85465789,33,76.75,78.25,81.25,103.5,38.5,142,32,135.5,203,3.3,8.5,9.5,15,11.16,3.25
Jamaal Franklin,22,1,21,161,16,39,5,11,2,2,4,23,6,4,2,11,23,39,10.41856522,41,76,77.25,83.25,103.5,,,,,191,8.3,8.5,8.25,,,
Rudy Gobert,21,1,45,434,36,74,0,0,32,65,51,155,7,8,41,32,57,104,16.20759908,27,84.5,86,92.5,115,29,144,25,140,238,4.4,9.75,10,7,12.85,3.57
Archie Goodwin,19,1,52,533,76,167,5,36,37,55,25,87,20,20,11,44,45,194,17.09085929,29,75.75,77.25,81.5,102,36,138,30,132,189,4.6,8.5,9,1,10.75,3.27
Solomon Hill,22,1,28,226,17,40,7,23,6,7,9,41,12,5,2,13,19,47,11.69957522,23,77.5,79,81,103,37.5,140.5,29.5,132.5,226,7.6,9,10.5,14,10.77,3.19
Scotty Hopson,24,1,2,7,0,4,0,2,1,2,0,0,1,1,0,0,0,1,16.47542857,,77.75,78.5,82.5,103.5,36,139.5,32.5,136,205,4.8,8.5,10,10,10.47,3.18
Robbie Hummel,24,1,53,655,67,177,32,89,15,16,35,132,23,16,2,10,57,181,16.96705649,58,79.25,80.5,80.5,102,30,132,27.5,129.5,218,9.4,8.5,9.5,13,11.56,3.41
Ryan Kelly,22,1,59,1312,157,371,48,142,110,135,42,219,95,32,45,47,147,472,20.27197561,48,81.75,83.75,83.5,110,,,,,228,14.8,9,10,,,
Shane Larkin,21,1,48,489,52,137,12,38,16,25,11,42,71,26,1,39,46,132,15.44929243,18,70.25,71.5,70.75,89.5,44,133.5,34.5,124,171,3.8,7.5,8.75,12,10.64,3.08
Ricky Ledo,21,1,11,33,6,17,3,8,4,4,0,2,2,1,0,2,2,19,26.32224242,43,76.75,78,79.25,102.5,33.5,136,27,129.5,197,10.3,8.5,9.25,4,10.72,3.32
Ray McCallum,22,1,45,897,113,300,22,59,32,43,18,79,120,22,9,39,69,280,17.99304905,36,72.25,73.75,75.25,96.5,40,136.5,30.5,127,191,7.3,8,8.75,5,10.82,3.25
Ben McLemore,20,1,82,2187,255,679,95,297,115,143,53,235,82,45,18,96,201,720,15.43234979,7,75.5,76.75,79.75,100.5,42,142.5,32.5,133,189,5,8.75,9.5,6,11.87,3.27
Tony Mitchell,21,1,21,79,5,12,1,1,11,19,15,26,2,6,3,4,9,22,21.84370886,37,79.5,80.75,86.5,106.5,38,144.5,33.5,140,236,5.6,9,10,13,11.82,3.52
Tony Mitchell,24,1,3,10,3,5,0,1,0,0,1,1,1,1,0,0,0,6,38.5494,37,79.5,80.75,86.5,106.5,38,144.5,33.5,140,236,5.6,9,10,13,11.82,3.52
Shabazz Muhammad,21,1,37,290,57,124,3,11,26,40,24,53,6,8,1,16,24,143,23.30965517,14,76.75,78.25,83,104.5,37,141.5,29.5,134,222,9,9,10,10,10.99,3.32
Erik Murphy,23,1,24,62,3,13,0,3,0,0,2,8,2,0,4,2,7,6,6.813774194,49,80.75,81.5,82.5,108,29.5,137.5,24.5,132.5,240,8,8.75,9.75,13,12.19,3.57
Mike Muscala,22,1,20,215,31,73,0,3,14,14,17,52,7,3,10,12,29,76,19.30946512,44,82.25,83.5,85,108,33.5,141.5,28,136,230,6.8,8.5,9,5,11.76,3.44
Victor Oladipo,21,1,80,2487,392,936,74,226,248,318,43,329,327,129,37,256,210,1106,22.49587857,2,75.25,76.25,81.25,100.5,42,142.5,33,133.5,213,6.6,8.75,9.25,15,10.69,3.25
Kelly Olynyk,22,1,70,1400,234,502,40,114,99,122,140,365,109,35,27,106,227,607,23.04085357,13,82.75,84,81.75,108,29.5,137.5,24.5,132.5,234,6.7,8.5,10,5,11.42,3.59
Mason Plumlee,23,1,70,1275,199,302,0,3,122,195,99,308,60,49,55,77,171,520,22.03004706,22,83.25,84.5,83,108,36,144,30.5,138.5,238,6.2,9.75,9.5,14,10.89,3.29
Phil Pressey,22,1,75,1132,78,253,28,106,29,45,20,105,241,68,5,87,97,213,15.09214311,,69.5,71.5,74.25,92,38.5,130.5,33,125,177,4.7,7.75,9.75,7,10.86,3.13
Andre Roberson,22,1,40,399,33,68,2,13,7,10,36,94,15,19,10,19,74,75,12.81005263,26,78.25,79,83,104.5,36.5,141,30,134.5,206,7.1,8.75,9.5,10,11.36,3.34
Peyton Siva,23,1,24,224,18,57,7,25,11,15,2,14,34,9,1,18,27,54,12.80317411,56,71.5,73,75,93,41.5,134.5,33.5,126.5,181,6.1,8,9.75,15,10.59,3.16
Tony Snell,22,1,77,1231,129,336,57,178,31,41,19,124,68,29,15,44,84,346,14.83954833,20,78,79.25,83.5,105.5,36.5,142,30,135.5,198,4.9,9,9.5,7,10.36,3.25
James Southerland,23,1,4,30,5,15,3,6,1,2,0,8,0,1,2,1,3,14,25.20296667,,79,80,85,106,32,138,29,135,221,8.1,8,9.5,5,10.9,3.38
Adonis Thomas,20,1,6,37,6,14,1,5,1,1,0,3,3,0,0,1,6,14,16.35872973,,76.75,77.75,85,99,40.5,139.5,34.5,133.5,232,7.5,9.25,9.5,13,11.66,3.32
Hollis Thompson,22,1,77,1742,171,372,67,167,52,73,73,247,73,53,12,60,144,461,14.77819288,,78.75,80,81.5,102.5,36.5,139,28.5,131,206,6,8.25,9.75,6,11.72,3.38
Royce White,22,1,3,9,0,1,0,0,0,0,0,0,0,0,0,0,2,0,-3.816444444,16,79,80,84,104.5,,,,,261,10.6,9.5,11.5,,,
Jeff Withey,23,1,58,684,69,129,0,1,52,73,49,150,26,15,50,20,73,190,18.54598099,39,82.75,84.5,86,110.5,29,139.5,26.5,137,222,8.7,9,9.75,10,12.49,3.47
Nate Wolters,22,1,58,1309,170,389,18,62,59,90,33,149,187,35,15,57,67,417,19.41382659,38,75.5,76.75,75.75,98,,,,,196,5.5,8.25,8.75,8,,
Cody Zeller,21,1,82,1416,172,404,0,1,146,200,118,353,92,40,41,87,170,490,19.74285028,4,82.75,84.25,82.75,106,37.5,143.5,35.5,141.5,230,4.8,8.5,10.5,17,10.82,3.15
Jordan Adams,20,1,30,248,35,86,10,25,14,23,9,28,16,16,7,14,24,94,20.79175,22,75.5,76.75,82,102,29.5,131.5,24.5,126.5,209,10.8,8.5,7.5,,12.13,3.5
Kyle Anderson,21,1,33,358,31,89,3,11,9,14,5,72,28,15,7,10,28,74,14.95767877,30,79.5,80.5,86.75,107.5,,,,,230,13.4,8.25,8.75,,,
Cameron Bairstow,24,1,18,64,3,14,0,0,4,5,6,8,1,2,1,3,8,10,8.939859375,49,80.75,81.75,84.75,107,33.5,140.5,31,138,252,8.7,8.75,9,,11.39,3.37
Jabari Brown,22,1,19,568,70,170,23,62,64,85,3,36,40,12,2,32,33,227,17.96471655,,75,76.25,80.25,100,32,132,28,128,202,6.1,9,9.25,,11.6,3.5
Markel Brown,23,1,47,781,76,210,17,64,47,57,16,107,39,31,12,27,57,216,15.92133675,44,74.5,75.5,80.75,100,43.5,143.5,36.5,136.5,184,4.2,8.25,9.75,,12.62,3.18
Jordan Clarkson,22,1,59,1476,267,596,38,121,131,158,56,191,206,51,12,96,109,703,25.74218835,46,75.25,77,80,98,38.5,136.5,33,131,186,4.3,8.25,9,,10.76,3.28
Spencer Dinwiddie,21,1,34,455,51,169,12,65,31,34,4,48,104,19,6,33,53,145,20.60450989,38,76.5,78,80.25,103,,,,,205,5.4,8.25,9,,,
Cleanthony Early,23,1,39,647,76,214,22,84,36,48,22,97,36,24,12,40,57,210,16.93312056,34,78,79.25,82.75,101.5,40,141.5,34,135.5,209,4.5,8.5,9,,11.15,3.18
Tyler Ennis,20,1,33,411,52,144,12,43,5,7,7,35,73,18,5,42,36,121,16.50645255,18,73,74.5,79.25,98,36,134,29,127,182,6.2,8.25,8.75,,11.12,3.3
Dante Exum,19,1,82,1817,145,416,83,264,20,32,27,131,198,41,14,118,147,393,11.43440066,5,76.5,78,81.5,103,34.5,137.5,31.5,134.5,196,6.4,8.5,9.5,,10.75,3.19
Aaron Gordon,19,1,47,797,93,208,13,48,44,61,46,169,33,21,22,38,83,243,17.1375596,4,79.5,80.75,83.75,105,39,144,32.5,137.5,220,5.1,8.75,10.5,,10.81,3.27
Drew Gordon,24,1,9,71,8,19,0,3,1,2,7,18,2,1,0,8,7,17,10.16898592,,80,80.75,83.5,103.5,34,137.5,29,132.5,239,9.1,8.5,9.75,10,11.35,3.49
Jerami Grant,20,1,65,1377,124,352,49,156,114,193,49,198,79,40,68,85,144,411,15.65701452,39,78.5,79.75,86.75,107,,,,,214,3.8,9.25,9.25,,,
Erick Green,23,1,43,410,61,162,14,47,10,12,7,31,39,12,0,14,26,146,19.0701439,46,73.5,75,77.75,98,,,,,178,4.4,8.5,9,5,,
JaMychal Green,24,1,24,164,27,47,0,6,8,10,19,45,4,5,5,14,25,62,19.52057927,,80,81,86.25,106.5,32.5,139,29.5,136,217,9.8,9.25,9.25,19,10.63,3.38
P.J. Hairston,22,1,45,687,87,269,49,163,31,36,22,92,21,21,13,22,61,254,19.49031878,26,76.25,77.25,81,101,37,138,32,133,229,8.2,8.75,9.75,,11.12,3.32
Gary Harris,20,1,55,719,66,217,21,103,35,47,21,64,29,39,7,38,71,188,13.52619889,19,74.5,76.5,78.75,96,,,,,205,4.6,8.5,9.5,,,
Joe Harris,23,1,51,493,48,120,31,84,9,15,7,41,26,7,2,27,62,136,11.44184178,33,76.75,78.25,78,100,33.5,133.5,28.5,128.5,215,6.2,8.5,9.75,,11.11,3.31
Rodney Hood,22,1,50,1064,155,374,62,170,61,80,9,117,83,30,12,45,119,433,20.14866165,23,79.25,80.5,80.5,103,36,139,29,132,208,7.5,8.5,8.5,,11.21,3.38
Joe Ingles,27,1,79,1673,147,354,72,202,30,40,22,175,182,72,10,98,124,396,14.25240944,,79.75,80.25,82.25,105,31,136,26,131,209,10.1,,,3,10.66,3.3
Cory Jefferson,24,1,50,531,75,167,2,15,31,54,47,145,16,10,21,20,61,183,19.98365348,60,79.75,81,84.5,105,37.5,142.5,33,138,218,5.3,8.75,9.75,,12.63,3.36
Grant Jerrett,21,1,8,51,7,26,1,15,1,1,2,9,3,2,2,3,11,16,16.09609804,40,80.75,82.25,86,109,34,143,28.5,137.5,232,10.1,8.5,9.25,2,11.85,3.51
Nick Johnson,22,1,28,262,26,75,5,21,17,25,13,39,11,7,3,19,34,74,12.55065267,42,73.5,75,79.25,96.5,41.5,138,33.5,130,198,6.1,8.75,9.75,,10.8,3.27
Sean Kilpatrick,25,1,4,72,7,20,4,13,4,4,1,6,4,3,0,2,3,22,17.35536111,,74.5,76.25,79,99,,,,,219,9.2,9,9,,,
Alex Kirk,23,1,5,14,1,4,0,0,2,2,1,1,1,0,0,0,1,4,16.87807143,,81.25,82.75,87.5,109.5,31.5,141,28.5,138,252,13.6,9.25,10.5,,11.2,3.48
Zach LaVine,19,1,77,1902,286,677,57,167,149,177,27,214,276,54,10,193,158,778,19.71802419,13,76.5,77.75,80.25,100,41.5,141.5,33.5,133.5,181,4.7,8.25,8.75,,10.42,3.19
Devyn Marble,22,1,16,208,14,44,4,22,5,16,5,31,17,9,2,9,14,37,11.6768125,56,77,78.5,81,102,35,137,29,131,192,6.9,8.25,8.5,,11.32,3.28
K.J. McDaniels,21,1,62,1352,172,434,43,150,100,133,65,200,72,44,70,105,126,487,18.7461287,32,76.5,78,83.25,102,37,139,33,135,196,4.5,8.75,9.75,,12.71,3.1
Doug McDermott,23,1,36,321,43,107,13,41,10,15,6,43,6,4,1,17,29,109,14.21436137,11,78.25,79.75,81.25,103,36.5,139.5,28.5,131.5,218,7.1,8.75,9.75,,11.1,3.29
Jerel McNeal,27,1,6,36,3,11,1,2,2,2,0,3,2,3,1,5,5,9,10.0605,,73.5,75,79.25,99.5,36.5,136,31.5,131,190,5.4,,,10,10.61,3.25
Shabazz Napier,23,1,51,1012,87,228,43,118,44,56,17,113,130,40,4,81,76,261,14.57280632,24,71,73,75.25,93,37.5,130.5,30.5,123.5,175,7.4,8.25,8.5,,11.6,3.2
Nerlens Noel,20,1,75,2311,302,653,0,0,140,230,185,611,128,133,142,146,208,744,21.61014496,6,82,83.75,87.75,110,,,,,206,4.2,9.5,10,,,
Johnny O'Bryant,21,1,34,368,44,120,0,0,12,27,26,64,17,5,4,25,44,100,12.31329891,36,79.25,80.5,86.25,105,35.5,140.5,31,136,257,10.8,9.25,9.5,,11.57,3.45
Adreian Payne,23,1,32,739,91,220,1,9,30,46,48,162,30,19,9,44,88,213,14.94649797,15,81,81.75,88,109,,,,,239,7.6,9.25,9.5,,,
Elfrid Payton,20,1,82,2489,301,708,11,42,118,214,107,349,533,142,20,203,193,731,20.26676456,10,74.5,75.75,80,98.5,35.5,134,31.5,130,185,5.7,8.75,9,,11.06,3.23
Dwight Powell,23,1,29,236,31,67,3,11,25,33,18,50,9,9,6,11,40,90,20.15847881,45,81.5,83,84.5,105,35,140,28.5,133.5,234,6.2,9,9.25,,11.28,3.2
Julius Randle,20,1,1,14,1,3,0,0,0,2,0,0,0,0,0,1,1,2,-1.810214286,7,79.75,81,84,105.5,35.5,141,29,134.5,250,9.4,8.75,8.25,,11.45,3.27
Marcus Smart,20,1,67,1808,175,477,91,272,82,127,61,222,208,99,18,90,176,523,18.15289491,6,74,75.25,81.25,99,36,135,33,132,227,10.6,9,8.75,,10.82,3.26
Russ Smith,23,1,12,65,8,25,2,11,12,13,1,6,8,3,0,12,13,30,15.60998462,47,71.5,72.75,75.5,95,34,129,29.5,124.5,160,3.5,8.25,8.5,,11.57,3.27
Nik Stauskas,21,1,73,1127,108,296,48,149,55,64,11,88,67,20,17,40,92,319,14.24440284,8,77.25,78.5,79.75,102,35.5,137.5,29,131,207,12.1,8.5,8.5,,10.79,3.27
Jarnell Stokes,21,1,19,126,21,37,0,0,15,28,16,34,4,5,5,7,25,57,23.29271429,35,79,80.5,85.25,103.5,36,139.5,31,134.5,263,8.2,9.75,10.5,,11.92,3.26
Noah Vonleh,19,1,25,259,30,76,5,13,18,26,28,86,4,4,9,11,20,83,20.2299305,9,80,81.5,88.25,108,37,145,31,139,247,7.3,9.75,11.75,,11.45,3.28
T.J. Warren,21,1,40,614,113,214,5,21,14,19,41,85,25,18,9,27,51,245,20.57748534,14,79,80.25,82.25,104,35.5,139.5,27,131,220,8,8.75,9,,11.1,3.26
C.J. Wilcox,24,1,21,101,16,38,7,19,2,2,1,7,8,3,1,10,7,41,17.5949505,28,75.5,77,81.75,100.5,37.5,138,31,131.5,201,6.5,8.75,9,,11.3,3.22
James Young,19,1,31,332,36,102,17,66,16,29,9,42,13,8,2,5,22,105,16.90376807,17,77.25,78.75,84,104,35.5,139.5,28,132,213,5.1,9,9.5,,,
Cliff Alexander,20,1,8,36,5,10,0,0,0,0,2,6,0,1,2,1,1,10,17.44344444,,79.25,80.5,87.5,109.5,,,,,239,5.8,9.5,10.25,,,
Justin Anderson,22,1,55,647,71,175,22,83,44,55,18,132,29,19,25,24,45,208,19.17083308,21,77.25,78.25,83.75,101,43,144,38,139,231,5,8.5,9.5,12,11.1,3.22
Thanasis Antetokounmpo,23,1,2,6,3,4,0,1,0,0,0,1,0,0,0,0,2,6,39.6815,51,77.25,78.25,84,104.5,39.5,144,31.5,136,205,6.1,9,9.75,,11.39,3.18
Devin Booker,19,1,76,2108,367,867,99,289,215,256,27,187,200,44,20,160,225,1048,22.25574241,13,76.5,77.75,80.25,102.5,34.5,137,27.5,130,206,8.3,8.75,9,8,10.22,3.28
Anthony Brown,23,1,29,599,39,126,20,70,17,20,9,70,19,14,5,15,34,115,10.99926377,34,77.25,80.5,83.25,104.5,34.5,139,27.5,132,211,6.1,8.5,9,4,11.06,3.18
Willie Cauley-Stein,22,1,66,1412,191,339,0,2,81,125,134,352,37,48,66,46,146,463,20.71304249,6,83.25,84.5,87,111,,,,,242,6.3,9.5,9,,,
Rakeem Christmas,24,1,1,6,2,2,0,0,0,0,1,1,0,0,0,0,1,4,32.306,36,80.25,81.75,89.25,110.5,,,29,139.5,243,9.6,9.25,,9,11.57,3.47
Pat Connaughton,23,1,34,143,13,49,5,21,5,5,11,32,10,2,0,10,6,36,15.12116783,41,76,77.25,80.75,96,44,140,37.5,133.5,215,10.2,8.5,9.25,13,10.74,3.2
Branden Dawson,22,1,6,29,2,5,0,0,1,1,2,4,0,0,1,0,2,5,11.42417241,56,77.5,78.75,83,105,34.5,139.5,28.5,133.5,230,5.8,9,8.75,12,12.37,3.2
Sam Dekker,21,1,3,6,0,0,0,0,0,0,0,1,0,1,0,0,0,0,11.434,18,79.75,81,83.5,106,34.5,140.5,25.5,131.5,219,7.5,8.5,9.25,5,10.71,3.28
Jerian Grant,23,1,76,1265,154,391,22,100,96,123,23,143,177,50,10,87,97,426,18.86112964,19,75.25,76.25,79.5,100,,,,,198,5.6,8.25,8.5,,,
Montrezl Harrell,22,1,39,379,58,90,0,1,24,46,25,65,17,11,11,17,48,140,18.74921636,32,79,79.5,88.25,109,,,,,253,11.9,9,9.75,,,
Aaron Harrison,21,1,21,93,5,19,3,10,5,12,4,15,2,6,0,4,10,18,10.778,,76.5,78,80.25,100.5,34.5,135,28.5,129,209,6,8.3,10,1,,3.27
Rondae Hollis-Jefferson,21,1,29,615,63,138,4,14,37,52,39,154,43,39,16,26,61,167,19.58076585,23,77.5,79,86,104,38,142,32,136,211,5,8.75,9.75,13,10.51,3.12
Richaun Holmes,22,1,51,702,114,222,8,44,51,74,62,135,33,19,40,32,92,287,22.89097009,37,80.25,81.5,85.5,108,36,144,32.5,140.5,243,8.8,8.5,8.5,15,11.37,3.32
R.J. Hunter,22,1,36,315,36,98,19,63,6,7,2,37,13,14,4,11,29,97,16.51254921,28,76.5,78,82.5,104,33.5,137.5,27.5,131.5,185,6,8.5,8.25,1,10.97,3.26
Stanley Johnson,19,1,73,1687,225,600,63,205,80,102,58,306,118,55,12,114,178,593,17.86702193,8,77,78.5,83.5,102,,,,,242,7.5,9,9,,,
Tyus Jones,19,1,37,573,56,156,16,53,28,39,7,47,108,31,3,33,33,156,18.81412042,24,72.25,74,77,97,32.5,129.5,26.5,123.5,185,6.5,8.25,8.75,2,11.89,3.32
Frank Kaminsky,22,1,81,1708,215,525,68,202,108,148,69,335,98,38,43,58,126,606,20.31824941,9,83.75,84.75,83,109.5,,,,,231,9.4,8.5,9.5,,,
Kevon Looney,19,1,5,21,4,7,1,2,0,0,4,10,0,0,0,1,2,9,26.29304762,30,80,81.25,87.5,110,,,,,222,11.9,9.5,9.25,,,
Trey Lyles,20,1,80,1382,191,436,49,128,57,82,59,299,59,26,18,65,114,488,18.55732779,12,81,82.25,85.5,108,,,,,241,12.1,9.25,10.25,,,
Jarell Martin,21,1,27,380,54,116,0,2,45,62,39,86,15,8,7,19,58,153,20.60732368,25,80,81.25,81.75,106.5,34.5,141,28.5,135,239,10.1,8.25,,19,11.12,3.27
T.J. McConnell,23,1,81,1606,218,464,31,89,26,41,43,250,367,95,10,140,114,493,21.61527335,,72.5,74,74,96.5,31.5,128,26,122.5,188,7.3,7.5,7,7,10.84,3.3
Chris McCullough,20,1,24,362,44,109,13,34,11,23,25,68,9,28,12,15,39,112,19.75824033,29,80.25,81,87.25,109,,,,,199,6.2,8.75,8.75,,,
Jordan McRae,24,1,22,195,34,78,10,22,21,28,4,20,25,3,1,15,17,99,23.80042564,58,75.75,77.25,84.5,104,34.5,138.5,27.5,131.5,179,5.2,8.75,8.5,,11.07,3.39
Jordan Mickey,21,1,16,57,8,22,0,0,5,10,6,13,1,0,11,1,5,21,26.05507018,33,79,80.25,87.25,106,37.5,143.5,33,139,238,7.2,8.75,9.5,9,11.8,3.28
Lamar Patterson,24,1,35,395,28,80,12,49,16,22,4,50,39,9,2,23,45,84,11.11953165,48,76,77.25,83,101,32.5,133.5,27.5,128.5,226,10.8,9,9.25,,11.63,3.45
Cameron Payne,21,1,57,698,114,278,36,111,19,24,9,85,108,36,6,44,80,283,23.0547192,14,72.75,73.5,79.25,97.5,35.5,133,30,127.5,183,6.3,8.5,8.25,,10.89,3.28
Bobby Portis,20,1,62,1102,186,436,16,52,48,66,123,337,52,25,22,54,100,436,23.63605535,22,81.5,82.5,86,108.5,31.5,140,25,133.5,246,8.9,9.5,9.25,5,11.71,3.56
Norman Powell,22,1,49,725,97,229,36,89,43,53,16,111,47,29,10,32,59,273,20.52539862,46,75,76.25,82.75,102.5,40.5,143,32.5,135,215,6.4,9.25,9,5,10.76,3.2
Terry Rozier,21,1,39,311,29,106,6,27,8,10,24,63,37,6,1,19,23,72,15.68237621,16,72.75,74.25,80.25,98.5,38,136.5,33,131.5,190,5.6,8.25,8.75,7,10.88,3.15
D'Angelo Russell,19,1,80,2259,392,956,130,370,140,190,47,274,266,93,13,196,142,1054,23.40980611,2,75.25,77,81.75,102,,,,,193,8.3,8.75,9.75,,,
Myles Turner,19,1,60,1367,264,530,3,14,88,121,68,332,41,25,86,67,158,619,23.88980761,11,81.75,83.5,88,112,,,,,239,9.3,9.25,9.25,,,
Rashad Vaughn,19,1,70,1001,81,266,43,147,12,15,11,88,39,29,16,28,73,217,12.01727772,17,75.75,77,79,101,34,135,28,129,199,6.2,8,8.5,5,11.41,3.21
Alan Williams,23,1,10,68,10,24,0,0,9,14,14,38,5,4,5,6,15,29,30.67366176,,79.25,80.25,85.75,106.5,28.5,135,25.5,132,261,12,8.5,9.5,8,12.07,3.5
Justise Winslow,19,1,78,2232,195,462,32,116,80,117,81,403,117,68,26,95,184,502,13.34402554,10,76.5,78.5,82.25,104.5,,,,,222,5.3,8.5,9.25,,,
Christian Wood,20,1,17,145,22,53,4,11,13,21,13,38,3,5,7,2,11,61,26.02474483,,81.25,82.5,87.25,111.5,,,,,216,14.7,9.25,10.75,,,
Delon Wright,23,1,27,229,36,80,5,13,26,35,8,37,31,8,3,16,7,103,25.19599127,20,76.25,77.5,79.5,101.5,31,132.5,29.5,131,181,6.6,8,8.5,4,11.21,3.29
Ron Baker,23,1,52,857,82,217,23,86,28,43,12,98,107,34,8,56,74,215,14.64149008,,75.25,76.25,81.75,97.5,35.5,133,30,127.5,212,7.9,8.75,9.5,,10.77,3.45
Wade Baldwin,20,1,33,405,36,115,3,22,31,37,11,46,61,18,7,39,40,106,15.0527037,17,74.5,76,83.25,100,38,138,32.5,132.5,202,5.2,9,9.75,,10.45,3.19
Malik Beasley,20,1,22,165,33,73,9,28,8,10,5,17,11,7,0,8,10,83,25.23433333,19,75.5,76.5,79,100.5,,,,,190,6.9,8.5,9,,,
Ben Bentil,21,1,3,10,0,3,0,1,0,0,0,2,0,0,0,1,1,0,-4.1657,51,79.25,80.25,85.5,105,33,138,29,134,229,9.7,9.5,10,,11.16,3.3
Joel Bolomboy,23,1,12,53,9,16,1,4,3,6,4,17,2,1,2,2,1,22,25.091,52,79.5,81,85.75,103.5,40.5,144,37.5,141,224,5.2,9,10.25,,10.26,3.17
Malcolm Brogdon,24,1,75,1982,290,635,78,193,109,126,47,213,317,84,12,113,140,767,22.95373966,36,75.75,77.5,82.5,98,35.5,133.5,30.5,128.5,223,5.4,9,10.25,,10.77,3.31
Jaylen Brown,20,1,78,1341,192,423,46,135,85,124,45,220,64,35,18,68,142,515,18.73119463,3,77.25,78.75,83.75,102.5,,,,,223,5.1,8.75,9,,,
Marquese Chriss,19,1,82,1743,284,632,72,224,113,181,96,348,60,67,70,108,263,753,21.58234423,8,80.75,82,84.25,105,38.5,143.5,32.5,137.5,233,8.5,9,9,,11.93,3.26
Semaj Christon,24,1,64,973,77,223,12,63,17,31,19,87,130,28,7,43,79,183,12.44919836,55,73.5,75.25,78.5,99,36.5,135.5,30.5,129.5,186,5.3,8.5,8.25,,11.55,3.32
Quinn Cook,23,1,14,188,33,66,11,26,2,5,1,7,26,4,0,13,13,79,19.99187766,,72.25,74,76,96.5,31,127.5,24.5,121,179,6.7,7.5,8.25,14,11.28,3.38
Deyonta Davis,20,1,36,238,24,47,0,0,10,18,20,60,2,3,17,8,40,58,14.79319748,31,81.25,82.5,86.5,108.5,,,,,237,9.7,9,9.25,,,
Cheick Diallo,20,1,17,199,36,76,0,0,15,21,23,73,4,4,7,7,17,87,26.48742714,33,79.5,81,88.5,107.5,35,142.5,31,138.5,219,5.6,8.5,9.75,,11.24,3.26
Kris Dunn,22,1,78,1333,118,313,21,73,36,59,24,166,188,78,36,89,178,293,14.82208177,5,75,76.25,81.5,100,,,,,,,,,,,
Henry Ellenson,20,1,19,146,23,64,10,35,4,8,8,41,7,1,1,14,6,60,19.7095274,18,82,83.5,86.25,108,,,,,242,11.2,8.5,9.75,,,
Kay Felder,21,1,42,386,62,158,7,22,35,49,3,41,58,18,7,30,38,166,22.56392746,54,68.25,69.5,74.5,88.5,44,132.5,35.5,124,177,5.8,8.25,8.5,,11.52,3.15
Dorian Finney-Smith,23,1,81,1642,124,333,56,191,46,61,55,222,67,52,25,45,125,350,13.12417418,,78.5,79.75,83.75,105.5,35.5,141,32.5,138,213,6.5,9,9.75,,11.01,3.27
Michael Gbinije,24,1,9,32,1,10,0,4,2,2,2,3,2,0,0,0,2,4,9.61540625,49,77.5,78.75,79.5,101,37.5,138.5,33.5,134.5,205,5.4,8,9,,11,3.12
Treveon Graham,23,1,27,189,19,40,9,15,10,15,5,22,6,6,1,3,18,57,15.93586243,,76.75,77.75,82.5,103,31.5,134.5,28.5,131.5,219,5.5,8.5,8.25,11,11.6,3.3
Andrew Harrison,22,1,72,1474,117,360,43,156,148,194,23,136,198,53,21,85,194,425,15.93061872,44,76.5,77.5,81,100,33,133,26.5,126.5,213,5.9,8.25,9.25,,11.16,3.34
Buddy Hield,24,1,82,1888,327,767,148,379,64,76,35,269,121,38,9,101,115,866,22.51101059,6,75.75,77,81.25,101,,,,,212,6.1,8.5,9,,,
Demetrius Jackson,22,1,5,17,3,4,1,1,3,6,2,4,3,0,0,0,0,10,35.38670588,45,72,73.25,77.5,93,43.5,136.5,37.5,130.5,194,6.5,8.25,9,,10.81,3.25
Pierre Jackson,25,1,8,84,13,39,3,11,6,7,1,9,19,2,0,3,5,35,26.29788095,42,69.5,70.5,70,90,,,,,176,4.5,7.5,8.25,,,
Brice Johnson,22,1,3,9,2,7,0,0,0,0,1,3,1,2,1,1,0,4,40.90977778,25,81,82.5,84.5,106.5,38,144.5,33.5,140,209,7.5,9,8.25,,11.88,3.2
Damian Jones,21,1,10,85,8,16,0,0,3,10,9,23,0,1,4,6,15,19,10.29942353,30,82.25,83.5,87.75,107,37,144,36,143,244,6.6,8.75,10.5,,11.35,3.2
Jake Layman,22,1,35,249,26,89,13,51,13,17,6,24,11,9,3,11,22,78,15.85695984,47,80,81.25,81.25,102,39.5,141.5,33,135,209,7.1,8.25,9.25,,11.35,3.24
Caris LeVert,22,1,57,1237,171,380,59,184,67,93,23,188,110,49,8,59,91,468,20.78798141,20,77.75,79,82,101,,,,,191,7.6,8.5,9.25,,,
Thon Maker,19,1,57,562,83,181,28,74,32,49,40,114,23,10,26,17,84,226,22.04582384,10,83.75,84.75,87,110.5,36.5,147,32,142.5,216,6.1,8.75,9.5,,11.15,3.33
Patrick McCaw,21,1,71,1074,106,245,41,123,29,37,21,100,77,32,15,36,62,282,15.25951583,38,77.25,78.75,82,100.5,38,138.5,30,130.5,181,4.7,8.75,8.75,,11.01,3.3
Georges Niang,23,1,23,93,9,36,1,12,2,2,2,17,5,3,0,5,6,21,12.68998925,50,78.75,80.5,82,103,31,134,25,128,231,10.1,9.25,9.25,,11.64,3.49
Chinanu Onuaku,20,1,5,52,5,7,0,0,4,4,2,10,3,3,1,4,6,14,15.37011538,37,81,82,86.75,108.5,33.5,142,27.5,136,245,8.6,9,8,,11.65,3.5
Gary Payton II,24,1,6,99,8,22,1,9,3,5,0,12,13,3,4,10,9,20,11.02616162,,74,75,80,99.5,38.5,138,31.5,131,184,4,8.75,9.5,,11.57,3.23
Jakob Poeltl,21,1,54,626,67,115,0,0,31,57,78,165,12,17,20,29,113,165,15.39077636,9,84.25,85,86.75,111.5,,,,,239,5.8,9.25,10.25,,,
Taurean Prince,22,1,59,981,114,285,33,102,74,94,25,157,55,43,27,61,96,335,18.17942915,12,78.5,79.75,83.5,102,36,138,34,136,220,6.5,9,8.5,,10.96,3.24
Chasson Randle,23,1,26,299,40,98,16,47,41,43,6,32,34,9,2,19,39,137,22.7797291,,72.75,73.5,79,96.5,39.5,136,33.5,130,179,4.5,8.5,9.5,6,10.61,3.2
Malachi Richardson,21,1,22,198,28,68,8,28,15,19,3,23,11,5,1,8,23,79,18.77525758,22,76.75,78.25,84,101.5,38,139.5,33,134.5,200,7,8.75,10,,10.56,3.33
Wayne Selden,22,1,14,236,25,58,7,28,14,22,1,16,13,6,1,12,18,71,13.23060593,,76.25,77.75,82.5,101,,,,,232,7.3,9,9.25,,,
Pascal Siakam,22,1,55,859,103,205,1,7,22,32,64,185,17,26,45,33,109,229,16.43968335,27,80.25,81.5,87.25,107.5,36.5,144,30.5,138,227,5.2,9.25,10,,11.25,3.41
Diamond Stone,19,1,7,24,3,13,0,0,4,4,1,6,0,0,1,2,5,10,16.80670833,40,81,82.25,86.75,108.5,29.5,138,27,135.5,254,12.9,8.5,7.75,,12.02,3.5
Tyler Ulis,21,1,61,1123,184,437,21,79,55,71,20,95,226,48,5,77,73,444,23.37704185,34,68.75,70,74,88.5,38,126.5,32.5,121,149,5.2,7.5,7.5,,10.8,3.2
Jarrod Uthoff,23,1,9,115,16,38,3,9,5,7,8,22,9,2,4,3,8,40,21.92048696,,80.5,81.75,83.5,104,34.5,138.5,29,133,214,6,8.75,9,,11.52,3.5
Denzel Valentine,23,1,57,976,102,288,73,208,14,18,11,151,63,30,7,49,86,291,15.94732684,14,76,77.75,82.75,102,32,134,27,129,210,9.2,8.5,9.75,,10.51,3.46
Isaiah Whitehead,21,1,73,1643,204,508,44,149,91,113,32,184,192,42,36,142,175,543,16.30374863,42,75.25,76.5,80.75,100,35.5,135.5,27.5,127.5,210,9.3,8.5,8.75,,11.65,3.34
Troy Williams,22,1,30,557,73,167,18,62,21,32,15,69,25,27,10,32,60,185,16.70866786,,77.75,78.75,80.25,102,36,138,30,132,218,10,8.25,9.25,,10.72,3.35
Kyle Wiltjer,24,1,14,44,4,14,4,13,1,2,4,10,2,3,1,5,4,13,17.14722727,,80.75,82,84.25,102.5,35.5,138,28.5,131,243,15.3,8.25,9.5,,11.35,3.48
Stephen Zimmerman,20,1,19,108,10,31,0,0,3,5,11,35,4,2,5,3,17,23,16.03994444,41,82.25,83.75,87.25,108.5,31,139.5,26,134.5,234,11.2,9,9,,12.08,3.43
