Player,Age,Yrs,G,MP,FG,FGA,3P,3PA,FT,FTA,ORB,TRB,AST,STL,BLK,TOV,PF,PTS,MP,Year
David Andersen,29,1,63,891,147,340,27,78,46,67,54,208,44,15,12,37,119,367,14.1,2009
Antonio Anderson,24,1,1,15,1,3,0,0,0,0,1,1,0,0,0,1,1,2,15,2009
Jeff Ayres,22,1,39,405,43,65,0,0,18,20,25,98,1,7,16,12,76,104,10.4,2009
Rodrigue Beaubois,21,1,56,700,155,299,45,110,42,52,12,78,74,29,12,54,84,397,12.5,2009
DeJuan Blair,20,1,82,1494,275,495,0,2,88,161,200,526,65,50,39,112,224,638,18.2,2009
Jon Brockman,22,1,52,654,55,103,0,0,37,62,105,213,22,15,5,23,115,147,12.6,2009
Derrick Brown,22,1,57,535,68,147,2,7,48,72,31,78,19,21,10,19,53,186,9.4,2009
Chase Budinger,21,1,74,1488,249,565,92,249,67,87,38,220,88,34,11,48,85,657,20.1,2009
DeMarre Carroll,23,1,71,795,88,222,0,6,33,53,53,150,33,28,9,24,107,209,11.2,2009
Omri Casspi,21,1,77,1931,300,672,75,203,117,174,75,349,95,54,17,98,125,792,25.1,2009
Earl Clark,22,1,51,383,56,151,2,5,26,36,18,62,21,7,13,23,25,140,7.5,2009
Darren Collison,22,1,76,2109,376,789,46,115,148,174,41,192,432,78,4,202,92,946,27.8,2009
Dante Cunningham,22,1,63,707,106,214,0,2,31,48,54,160,14,24,22,15,97,243,11.2,2009
JamesOn Curry,24,1,1,0,0,0,0,0,0,0,0,0,0,0,0,0,0,0,0,2009
Stephen Curry,21,1,80,2896,528,1143,166,380,177,200,48,356,472,152,19,243,252,1399,36.2,2009
Austin Daye,21,1,69,915,137,295,29,95,46,56,34,174,34,25,26,48,114,349,13.3,2009
DeMar DeRozan,20,1,77,1664,255,512,4,16,148,194,66,223,53,43,18,62,176,662,21.6,2009
Toney Douglas,23,1,56,1087,179,391,68,175,55,68,40,108,112,42,3,55,116,481,19.4,2009
Wayne Ellington,22,1,76,1384,190,448,64,162,61,70,33,159,74,20,5,74,72,505,18.2,2009
Tyreke Evans,20,1,72,2677,533,1165,36,141,348,465,66,380,414,109,26,216,204,1450,37.2,2009
Jonny Flynn,20,1,81,2339,397,952,77,215,223,270,24,191,356,82,2,233,98,1094,28.9,2009
Sundiata Gaines,23,1,32,217,38,82,7,26,23,46,6,29,39,12,0,14,17,106,6.8,2009
Alonzo Gee,22,1,11,182,28,59,7,9,18,29,15,33,7,7,1,10,13,81,16.5,2009
Taj Gibson,24,1,82,2204,311,629,0,0,113,175,226,611,70,50,104,114,282,735,26.9,2009
Trey Gilder,25,1,2,5,1,1,0,0,0,0,0,1,0,1,0,0,0,2,2.5,2009
Danny Green,22,1,20,115,15,39,6,22,4,6,8,17,5,6,3,5,9,40,5.8,2009
Taylor Griffin,23,1,8,32,4,10,0,2,2,4,0,2,1,0,2,1,4,10,4,2009
Tyler Hansbrough,24,1,29,511,81,225,0,4,84,113,60,138,28,17,8,21,70,246,17.6,2009
James Harden,20,1,76,1738,233,578,93,248,194,240,47,244,137,80,20,106,200,753,22.9,2009
Gerald Henderson,22,1,43,355,37,104,4,19,35,47,15,55,13,10,9,14,25,113,8.3,2009
Jordan Hill,22,1,47,624,99,201,0,2,46,68,76,175,20,14,21,30,92,244,13.3,2009
Jrue Holiday,19,1,73,1767,230,520,62,159,65,86,56,191,280,79,18,156,153,587,24.2,2009
Lester Hudson,25,1,25,131,21,53,5,16,11,13,7,18,13,8,3,14,12,58,5.2,2009
Chris Hunter,25,1,60,783,109,217,0,4,52,69,56,167,37,13,35,30,132,270,13.1,2009
Serge Ibaka,20,1,73,1323,201,370,1,2,58,92,138,397,10,25,97,68,194,461,18.1,2009
Cedric Jackson,23,1,12,74,6,20,1,6,7,12,2,8,14,3,2,11,7,20,6.2,2009
Othyus Jeffers,24,1,14,73,12,29,0,0,13,19,8,19,1,4,0,6,10,37,5.2,2009
Brandon Jennings,20,1,82,2671,451,1216,145,388,223,273,49,282,470,105,18,200,191,1270,32.6,2009
Jonas Jerebko,22,1,80,2232,290,603,36,115,125,176,194,478,58,79,29,82,230,741,27.9,2009
James Johnson,22,1,65,757,95,210,15,46,51,70,34,128,48,21,43,62,126,256,11.6,2009
Oliver Lafayette,25,1,1,22,3,6,1,2,0,0,1,4,2,0,0,1,0,7,22,2009
Marcus Landry,24,1,18,111,16,43,9,28,3,5,5,19,0,1,2,6,14,44,6.2,2009
Ty Lawson,22,1,65,1318,201,390,34,83,106,140,42,124,203,48,2,82,89,542,20.3,2009
Wesley Matthews,23,1,82,2025,273,565,63,165,160,193,50,191,124,64,15,93,152,769,24.7,2009
Eric Maynor,22,1,81,1269,154,368,22,71,52,72,21,129,266,40,10,85,115,382,15.7,2009
Jodie Meeks,22,1,60,719,104,268,42,132,31,39,9,99,39,18,5,25,52,281,12,2009
Patty Mills,21,1,10,38,10,24,2,4,4,7,1,2,5,0,0,4,6,26,3.8,2009
Byron Mullens,20,1,13,54,7,19,0,0,0,0,3,10,1,2,0,4,13,14,4.2,2009
A.J. Price,23,1,56,865,145,354,60,174,60,75,12,88,106,35,3,59,53,410,15.4,2009
DaJuan Summers,22,1,44,405,46,130,15,42,27,38,14,45,16,8,7,16,52,134,9.2,2009
Jermaine Taylor,23,1,31,303,45,119,5,22,33,46,21,46,16,10,3,19,15,128,9.8,2009
Jeff Teague,21,1,71,719,90,227,7,32,41,49,5,67,122,34,11,50,82,228,10.1,2009
Garrett Temple,23,1,27,334,44,101,13,37,35,50,6,31,21,13,6,27,42,136,12.4,2009
Hasheem Thabeet,22,1,68,883,77,131,0,0,54,93,85,243,11,15,89,43,162,208,13,2009
Marcus Thornton,22,1,73,1872,398,883,117,313,144,177,72,211,114,58,11,76,127,1057,25.6,2009
Reggie Williams,23,1,24,782,140,283,33,92,52,62,18,110,66,23,6,29,49,365,32.6,2009
Terrence Williams,22,1,78,1764,261,651,31,100,103,144,46,348,223,43,10,124,126,656,22.6,2009
Sam Young,24,1,80,1321,224,497,11,56,136,175,77,201,52,34,20,94,106,595,16.5,2009
Jeff Adrien,24,1,23,196,23,54,0,0,11,19,23,58,10,4,5,9,28,57,8.5,2010
Solomon Alabi,22,1,12,59,3,15,0,0,0,2,7,14,2,2,2,3,5,6,4.9,2010
Cole Aldrich,22,1,18,142,8,15,0,0,2,4,13,35,4,5,7,8,30,18,7.9,2010
Al-Farouq Aminu,20,1,81,1452,160,406,45,143,92,119,75,267,60,59,25,103,121,457,17.9,2010
James Anderson,21,1,26,286,31,81,18,46,14,18,2,23,18,3,6,13,24,94,11,2010
Ömer A??k,24,1,82,989,78,141,0,0,73,145,112,306,32,20,56,64,153,229,12.1,2010
Luke Babbitt,21,1,24,137,15,55,3,16,3,9,6,30,6,2,2,8,15,36,5.7,2010
Eric Bledsoe,21,1,81,1841,206,486,32,116,99,133,68,223,289,92,26,194,130,543,22.7,2010
Trevor Booker,23,1,65,1063,139,253,0,1,68,101,98,251,35,29,42,38,115,346,16.4,2010
Craig Brackins,23,1,3,33,4,16,0,5,0,0,2,4,1,1,0,0,3,8,11,2010
Avery Bradley,20,1,31,162,23,67,0,5,6,12,4,17,12,9,0,16,20,52,5.2,2010
Derrick Caracter,22,1,41,215,32,66,0,0,17,23,19,43,7,4,10,19,47,81,5.2,2010
Sherron Collins,23,1,20,66,7,25,2,10,1,1,0,5,8,2,0,4,2,17,3.3,2010
Marcus Cousin,24,1,4,18,2,3,0,0,0,0,0,3,0,0,1,1,1,4,4.5,2010
DeMarcus Cousins,20,1,81,2309,432,1004,3,18,276,402,217,699,204,85,68,268,332,1143,28.5,2010
Jordan Crawford,22,1,42,1027,192,500,33,128,73,84,31,105,117,39,3,83,63,490,24.5,2010
Ed Davis,21,1,65,1602,215,373,0,0,71,128,168,462,40,39,67,48,183,501,24.6,2010
Zabian Dowdell,26,1,24,292,51,125,3,10,16,17,5,20,51,20,2,29,30,121,12.2,2010
Devin Ebanks,21,1,20,118,21,51,2,5,18,23,15,27,2,4,5,6,7,62,5.9,2010
Semih Erden,24,1,41,595,62,111,0,0,39,60,37,118,20,15,24,34,104,163,14.5,2010
Jeremy Evans,23,1,49,463,76,115,0,1,26,37,36,97,24,17,17,19,50,178,9.4,2010
Patrick Ewing,26,1,7,19,0,5,0,2,3,4,1,2,2,0,1,1,1,3,2.7,2010
Christian Eyenga,21,1,44,947,130,306,25,91,18,28,27,123,35,34,28,47,78,303,21.5,2010
Derrick Favors,19,1,78,1535,215,416,0,0,103,173,171,412,39,29,68,77,246,533,19.7,2010
Landry Fields,22,1,82,2541,299,602,86,219,113,147,105,521,155,80,17,107,114,797,31,2010
Gary Forbes,25,1,63,791,124,273,19,58,59,87,28,116,49,23,6,46,77,326,12.6,2010
Paul George,20,1,61,1265,179,395,41,138,77,101,37,224,65,62,26,70,127,476,20.7,2010
Blake Griffin,21,1,82,3112,696,1376,7,24,446,695,270,989,312,63,45,223,252,1845,38,2010
Luke Harangody,23,1,49,640,79,206,16,66,19,26,40,143,30,15,17,16,80,193,13.1,2010
Manny Harris,21,1,54,933,108,289,34,92,71,93,36,140,85,31,7,63,65,321,17.3,2010
Gordon Hayward,20,1,72,1218,142,293,35,74,69,97,41,139,81,30,19,70,106,388,16.9,2010
Lazar Hayward,24,1,42,419,55,154,17,60,33,42,23,70,28,12,7,19,44,160,10,2010
Xavier Henry,19,1,38,527,65,160,2,17,33,52,9,37,18,11,3,13,48,165,13.9,2010
Damion James,23,1,25,403,46,103,0,3,18,28,17,85,20,16,12,25,36,110,16.1,2010
Eugene Jeter,27,1,62,858,106,259,6,30,37,41,9,70,162,29,2,51,54,255,13.8,2010
Armon Johnson,21,1,38,277,46,101,5,12,13,22,11,36,45,5,1,38,31,110,7.3,2010
Chris Johnson,25,1,14,138,9,21,0,0,15,20,12,32,3,3,9,10,21,33,9.9,2010
Wesley Johnson,23,1,79,2069,271,682,103,289,64,92,51,240,148,58,54,95,163,709,26.2,2010
Dominique Jones,22,1,18,135,14,45,0,4,14,17,6,25,19,5,3,10,7,42,7.5,2010
Gani Lawal,22,1,1,2,0,0,0,0,0,0,0,0,0,0,0,0,1,0,2,2010
Jeremy Lin,22,1,29,285,28,72,1,5,19,25,12,34,42,33,9,18,31,76,9.8,2010
Greg Monroe,20,1,80,2222,303,550,0,1,145,233,248,601,105,93,45,81,196,751,27.8,2010
Timofey Mozgov,24,1,45,524,63,133,0,0,37,52,46,121,15,15,25,35,84,163,11.6,2010
Hamady N'Diaye,24,1,16,80,4,5,0,0,6,12,2,7,0,2,5,3,18,14,5,2010
Gary Neal,26,1,80,1685,285,632,129,308,84,104,21,196,96,27,4,78,148,783,21.1,2010
Larry Owens,28,1,12,143,15,32,6,13,4,9,1,15,8,9,5,5,18,40,11.9,2010
Patrick Patterson,21,1,52,868,149,267,0,2,30,42,86,200,41,17,37,31,77,328,16.7,2010
Nikola Pekovi?,25,1,65,887,136,263,0,0,87,114,90,193,27,18,35,91,181,359,13.6,2010
Dexter Pittman,22,1,2,11,1,3,0,0,0,0,1,3,0,0,0,2,2,2,5.5,2010
Quincy Pondexter,22,1,66,734,73,180,18,50,24,34,23,88,28,17,10,16,63,188,11.1,2010
Andy Rautins,24,1,5,24,3,7,1,4,1,2,0,1,3,1,0,7,0,8,4.8,2010
Samardo Samuels,22,1,37,701,110,241,0,3,68,110,75,158,17,15,18,53,88,288,18.9,2010
Larry Sanders,22,1,60,872,116,268,0,0,28,50,59,178,16,22,72,38,117,260,14.5,2010
Kevin Séraphin,21,1,58,635,66,147,0,0,22,31,80,152,10,17,28,42,126,154,10.9,2010
Mustafa Shakur,26,1,22,159,21,59,1,10,8,15,7,22,25,5,3,18,15,51,7.2,2010
Garret Siler,24,1,21,101,17,31,0,0,11,22,16,28,3,1,4,10,20,45,4.8,2010
Ish Smith,22,1,43,442,43,115,3,10,12,21,7,47,79,18,2,34,37,101,10.3,2010
Tiago Splitter,26,1,60,738,101,191,0,1,76,140,72,201,26,29,17,32,91,278,12.3,2010
Lance Stephenson,20,1,12,115,13,39,0,5,11,14,1,18,21,4,0,16,14,37,9.6,2010
Pape Sy,22,1,3,21,2,6,0,1,3,3,2,3,2,1,0,3,1,7,7,2010
Evan Turner,22,1,78,1797,225,529,14,44,101,125,42,306,159,49,14,80,138,565,23,2010
Ekpe Udoh,23,1,58,1030,97,222,0,0,42,64,80,181,40,22,86,48,144,236,17.8,2010
Ben Uzoh,22,1,42,438,61,144,3,8,33,56,30,61,69,13,8,25,29,158,10.4,2010
Greivis Vásquez,24,1,70,860,95,233,25,86,34,44,12,73,151,22,4,70,83,249,12.3,2010
John Wall,20,1,69,2606,398,972,34,115,301,393,35,317,574,121,35,261,175,1131,37.8,2010
Willie Warren,21,1,19,134,13,35,5,15,6,8,1,12,27,6,0,8,16,37,7.1,2010
Hassan Whiteside,21,1,1,2,0,0,0,0,0,0,0,0,0,0,0,0,2,0,2,2010
Lavoy Allen,22,1,41,624,79,167,0,0,11,14,47,171,34,13,18,20,73,169,15.2,2011
Gustavo Ayón,26,1,54,1088,140,261,0,1,39,63,86,265,74,53,46,46,118,319,20.1,2011
Keith Benson,23,1,3,9,0,1,0,0,0,0,2,3,0,0,0,0,0,0,3,2011
Bismack Biyombo,19,1,63,1455,129,278,0,0,69,143,113,368,27,20,115,71,145,327,23.1,2011
MarShon Brooks,23,1,56,1648,274,640,47,150,113,148,70,200,131,52,15,118,116,708,29.4,2011
Alec Burks,20,1,59,939,153,357,15,45,104,143,57,132,55,27,5,51,84,425,15.9,2011
Jimmy Butler,22,1,42,359,32,79,2,11,43,56,23,56,14,11,5,14,20,109,8.5,2011
Derrick Byars,27,1,2,37,3,11,0,6,4,4,6,11,1,2,0,0,2,10,18.5,2011
Norris Cole,23,1,65,1260,177,450,21,76,66,85,21,91,133,44,2,105,124,441,19.4,2011
Eric Dawson,27,1,4,39,7,12,0,0,1,2,5,10,0,1,2,3,6,15,9.8,2011
Justin Dentmon,26,1,6,91,10,28,2,14,4,6,0,8,10,2,0,7,10,26,15.2,2011
Jerome Dyson,24,1,9,180,19,48,1,8,28,36,2,19,18,11,2,20,19,67,20,2011
Kenneth Faried,22,1,46,1037,181,309,0,0,109,164,142,352,36,34,47,54,116,471,22.5,2011
Jeff Foote,24,1,4,39,2,6,0,0,0,0,1,6,0,0,1,2,5,4,9.8,2011
Courtney Fortson,23,1,10,95,11,32,3,13,10,15,6,15,10,3,0,10,5,35,9.5,2011
Jimmer Fredette,22,1,61,1135,172,446,78,216,40,48,17,73,108,30,3,67,73,462,18.6,2011
Enes Freedom,19,1,66,874,117,236,0,1,70,105,107,278,8,18,23,54,87,304,13.2,2011
Mickell Gladness,25,1,26,252,25,59,0,0,6,12,14,58,5,4,20,7,32,56,9.7,2011
Andrew Goudelock,23,1,40,419,68,174,28,75,11,12,5,31,20,4,0,21,32,175,10.5,2011
Jordan Hamilton,21,1,26,258,48,111,17,47,2,5,11,62,20,4,3,16,15,115,9.9,2011
Justin Harper,22,1,14,84,9,31,2,13,0,1,3,12,2,2,3,6,5,20,6,2011
Josh Harrellson,22,1,37,540,63,149,20,59,16,26,47,144,11,23,20,20,48,162,14.6,2011
Terrel Harris,24,1,22,318,29,83,8,39,14,21,18,51,26,9,2,25,34,80,14.5,2011
Tobias Harris,19,1,42,479,79,169,6,23,44,54,30,101,22,13,7,31,45,208,11.4,2011
Cory Higgins,22,1,38,423,52,160,4,20,42,60,7,35,36,5,6,39,40,150,11.1,2011
Darington Hobson,24,1,5,39,2,13,0,6,0,0,0,3,6,0,0,2,1,4,7.8,2011
Tyler Honeycutt,21,1,15,88,8,24,1,3,3,5,3,14,7,4,3,2,3,20,5.9,2011
Dennis Horner,23,1,8,22,1,4,0,1,3,4,2,5,0,0,0,1,1,5,2.8,2011
Kyrie Irving,19,1,51,1558,350,747,73,183,171,196,44,191,275,54,20,160,110,944,30.5,2011
Reggie Jackson,21,1,45,501,51,159,13,62,25,29,14,53,71,25,1,36,31,140,11.1,2011
Charles Jenkins,22,1,51,893,130,291,3,20,34,39,8,68,170,33,6,60,85,297,17.5,2011
Carldell Johnson,29,1,15,119,11,35,4,15,1,3,1,9,22,8,0,7,11,27,7.9,2011
Ivan Johnson,27,1,56,934,141,275,2,6,72,100,65,226,32,43,18,69,116,356,16.7,2011
JaJuan Johnson,22,1,36,298,54,121,0,0,6,9,20,58,6,5,14,14,25,114,8.3,2011
Jerome Jordan,25,1,21,108,17,33,0,0,8,10,14,27,4,1,6,2,15,42,5.1,2011
Cory Joseph,20,1,29,266,22,70,3,15,11,17,5,25,34,7,3,12,16,58,9.2,2011
D.J. Kennedy,22,1,2,59,5,12,2,4,0,2,1,7,3,2,0,3,7,12,29.5,2011
Brandon Knight,20,1,66,2129,319,769,105,276,104,137,33,211,251,49,10,171,154,847,32.3,2011
Malcolm Lee,21,1,19,243,23,59,2,10,14,17,9,26,31,8,4,17,22,62,12.8,2011
Kawhi Leonard,20,1,64,1534,199,404,41,109,68,88,104,327,70,85,24,44,88,507,24,2011
Travis Leslie,21,1,10,45,5,14,0,0,4,9,6,9,5,2,2,2,4,14,4.5,2011
Jon Leuer,22,1,46,555,97,191,3,9,21,28,45,120,25,14,17,18,67,218,12.1,2011
DeAndre Liggins,23,1,17,115,12,25,0,4,9,19,6,15,5,6,0,10,6,33,6.8,2011
Shelvin Mack,21,1,64,779,88,220,12,42,42,59,12,92,131,28,2,48,50,230,12.2,2011
Vernon Macklin,25,1,23,135,19,35,0,0,8,14,14,34,5,4,4,3,9,46,5.9,2011
E'Twaun Moore,22,1,38,331,43,113,17,45,7,7,4,33,34,11,3,21,33,110,8.7,2011
Darius Morris,21,1,19,169,18,42,4,9,6,9,2,16,21,2,0,19,16,46,8.9,2011
Marcus Morris,22,1,17,126,16,54,2,17,6,8,5,16,3,2,2,4,12,40,7.4,2011
Markieff Morris,22,1,63,1227,174,436,43,124,76,106,69,279,65,41,42,70,179,467,19.5,2011
Daniel Orton,21,1,16,187,17,30,0,1,11,25,19,39,5,8,9,7,30,45,11.7,2011
Jeremy Pargo,25,1,44,424,50,150,10,38,16,27,12,37,55,15,0,46,46,126,9.6,2011
Chandler Parsons,23,1,63,1804,248,549,60,178,43,78,90,300,134,73,29,81,142,599,28.6,2011
Ryan Reid,25,1,5,17,4,5,0,0,0,0,1,2,0,0,0,1,1,8,3.4,2011
Ricky Rubio,21,1,41,1404,139,389,32,94,126,157,21,171,336,91,8,131,97,436,34.2,2011
Walker Russell,29,1,28,357,33,95,4,13,14,22,7,26,58,18,1,33,29,84,12.8,2011
Josh Selby,20,1,28,237,25,72,2,15,11,14,2,15,30,7,0,29,17,63,8.5,2011
Iman Shumpert,21,1,59,1705,214,534,48,157,87,109,42,186,164,101,8,111,173,563,28.9,2011
Xavier Silas,24,1,2,39,4,15,1,6,2,3,2,4,3,0,0,3,5,11,19.5,2011
Chris Singleton,22,1,66,1431,116,312,44,127,30,44,43,233,49,70,30,38,176,306,21.7,2011
Donald Sloan,24,1,33,669,79,198,2,25,23,30,18,67,105,13,3,49,37,183,20.3,2011
Greg Smith,21,1,8,69,7,11,0,0,0,0,5,20,1,2,5,1,17,14,8.6,2011
Jerry Smith,24,1,5,46,3,14,1,6,0,0,2,7,4,5,0,0,5,7,9.2,2011
Nolan Smith,23,1,44,541,67,180,13,45,20,28,17,56,62,18,3,42,55,167,12.3,2011
Greg Stiemsma,26,1,55,766,66,121,0,0,29,41,48,177,28,37,85,33,144,161,13.9,2011
Julyan Stone,23,1,22,179,13,31,2,11,8,11,5,25,37,8,6,11,18,36,8.1,2011
Isaiah Thomas,22,1,65,1656,256,571,83,219,154,185,48,168,266,53,8,105,121,749,25.5,2011
Lance Thomas,23,1,42,630,57,126,0,1,52,62,49,126,12,10,7,24,78,166,15,2011
Malcolm Thomas,23,1,3,15,0,3,0,0,1,2,1,3,1,1,1,0,0,1,5,2011
Trey Thompkins,21,1,24,119,24,61,4,13,5,7,4,24,3,3,3,6,10,57,5,2011
Klay Thompson,21,1,66,1608,318,718,111,268,79,91,24,161,133,49,20,103,155,826,24.4,2011
Mychel Thompson,23,1,5,95,7,24,4,11,0,0,0,5,7,2,1,5,8,18,19,2011
Tristan Thompson,20,1,60,1424,194,442,0,2,106,192,187,389,27,27,62,81,134,494,23.7,2011
Jeremy Tyler,20,1,42,568,88,209,0,1,29,52,54,140,16,16,20,36,84,205,13.5,2011
Edwin Ubiles,25,1,4,52,5,18,1,5,3,3,2,10,1,1,1,1,1,14,13,2011
Jan Veselý,21,1,57,1078,117,218,0,1,33,62,101,249,47,39,32,60,156,267,18.9,2011
Nikola Vu?evi?,21,1,51,812,131,291,3,8,18,34,88,246,31,20,34,33,111,283,15.9,2011
Kemba Walker,21,1,66,1792,281,767,69,226,168,213,30,234,289,60,20,119,79,799,27.2,2011
Derrick Williams,20,1,66,1418,205,498,37,138,136,195,77,311,38,30,31,77,95,583,21.5,2011
Elliot Williams,22,1,24,149,37,74,8,27,6,18,7,19,6,6,3,5,18,88,6.2,2011
Jordan Williams,21,1,43,635,77,152,0,0,43,66,66,156,11,21,15,23,61,197,14.8,2011
Chris Wright,23,1,24,186,23,45,0,0,24,31,19,45,4,7,13,8,22,70,7.8,2011
Quincy Acy,22,1,29,342,42,75,1,2,31,38,30,77,11,13,15,17,53,116,11.8,2012
Josh Akognon,26,1,3,9,2,4,1,2,0,0,0,1,1,0,0,0,3,5,3,2012
Harrison Barnes,20,1,81,2058,276,628,52,145,144,190,53,333,98,52,14,101,140,748,25.4,2012
Will Barton,22,1,73,894,118,309,9,65,50,65,36,145,58,34,9,60,56,295,12.2,2012
Aron Baynes,26,1,16,141,18,36,0,1,7,12,12,32,5,1,6,11,23,43,8.8,2012
Kent Bazemore,23,1,61,267,43,116,10,34,27,44,5,22,22,17,4,18,27,123,4.4,2012
Bradley Beal,19,1,56,1745,282,687,91,236,125,159,43,211,137,50,29,90,113,780,31.2,2012
Patrick Beverley,24,1,41,713,79,189,36,96,34,41,45,109,117,37,21,44,83,228,17.4,2012
Victor Claver,24,1,49,812,74,189,25,87,14,30,31,119,43,26,12,43,75,187,16.6,2012
Chris Copeland,28,1,56,862,182,380,59,140,63,83,34,119,27,16,12,50,104,486,15.4,2012
Jae Crowder,22,1,78,1353,141,367,63,192,47,73,35,187,94,63,17,49,128,392,17.3,2012
Jared Cunningham,21,1,8,26,6,14,2,3,2,2,1,3,1,1,0,2,3,16,3.3,2012
Anthony Davis,19,1,64,1846,349,676,0,6,169,225,165,522,63,75,112,89,158,867,28.8,2012
Nando De Colo,25,1,72,920,105,241,31,82,35,44,23,138,138,41,6,81,87,276,12.8,2012
Andre Drummond,19,1,60,1243,208,342,1,2,59,159,169,457,30,59,95,57,144,476,20.7,2012
Kim English,24,1,41,407,42,112,14,50,21,29,8,37,26,16,3,19,46,119,9.9,2012
Festus Ezeli,23,1,78,1120,74,169,0,0,43,81,141,313,22,23,74,63,157,191,14.4,2012
Evan Fournier,20,1,38,428,75,152,22,54,30,39,6,35,44,19,1,32,65,202,11.3,2012
Joel Freeland,25,1,51,477,58,142,0,0,18,27,40,119,13,13,11,19,67,134,9.4,2012
Diante Garrett,24,1,19,149,16,49,3,15,5,10,5,15,31,10,0,16,5,40,7.8,2012
Draymond Green,22,1,79,1061,84,257,14,67,45,55,58,260,53,42,25,51,159,227,13.4,2012
Ben Hansbrough,25,1,28,200,15,45,6,23,21,27,2,18,21,7,2,18,23,57,7.1,2012
Maurice Harkless,19,1,76,1974,260,564,32,117,73,128,122,335,50,88,62,69,144,625,26,2012
John Henson,22,1,63,827,162,336,0,3,56,105,116,297,31,19,42,47,83,380,13.1,2012
Justin Holiday,23,1,9,142,16,48,4,16,6,8,0,14,15,3,6,9,7,42,15.8,2012
Bernard James,27,1,46,457,53,103,0,2,25,41,52,131,6,12,38,18,64,131,9.9,2012
John Jenkins,21,1,61,902,131,294,53,138,59,70,17,94,56,12,10,40,37,374,14.8,2012
Chris Johnson,22,1,8,102,11,25,6,18,1,2,5,11,2,4,0,3,5,29,12.8,2012
Orlando Johnson,23,1,51,619,72,180,36,94,23,32,20,110,47,11,9,29,51,203,12.1,2012
Darius Johnson-Odom,23,1,4,6,0,4,0,1,0,0,1,4,1,0,0,0,0,0,1.5,2012
DeQuan Jones,22,1,63,803,95,218,9,35,34,51,17,105,16,19,22,30,55,233,12.7,2012
Kevin Jones,23,1,32,334,43,107,0,0,9,15,38,78,10,9,5,8,25,95,10.4,2012
Perry Jones,21,1,38,280,39,99,0,2,10,15,12,62,10,5,6,15,23,88,7.4,2012
Terrence Jones,21,1,19,276,43,94,5,19,13,17,28,65,15,12,19,13,21,104,14.5,2012
Kris Joseph,24,1,10,54,2,14,0,3,5,8,1,7,1,3,0,2,3,9,5.4,2012
Michael Kidd-Gilchrist,19,1,78,2025,281,613,2,9,140,187,131,455,117,54,70,101,164,704,26,2012
Viacheslav Kravtsov,25,1,25,224,33,46,0,0,11,37,24,45,9,5,9,14,32,77,9,2012
Doron Lamb,21,1,47,577,60,163,14,37,20,34,8,46,32,13,0,26,52,154,12.3,2012
Jeremy Lamb,20,1,23,147,24,68,9,30,14,14,5,18,5,2,2,6,13,71,6.4,2012
Meyers Leonard,20,1,69,1206,151,277,3,7,72,89,80,255,33,11,38,49,168,377,17.5,2012
Damian Lillard,22,1,82,3167,553,1288,185,503,271,321,42,257,531,74,19,243,172,1562,38.6,2012
Scott Machado,22,1,6,21,3,6,0,1,2,2,0,1,6,2,0,8,0,8,3.5,2012
Kendall Marshall,21,1,48,702,56,151,23,73,8,14,4,42,143,22,4,57,48,143,14.6,2012
Fab Melo,22,1,6,36,3,6,0,0,1,4,0,3,0,2,2,1,7,7,6,2012
Khris Middleton,21,1,27,475,62,141,14,45,27,32,4,50,28,15,4,11,53,165,17.6,2012
Darius Miller,22,1,52,694,44,108,22,56,8,8,8,78,44,17,12,23,89,118,13.3,2012
Quincy Miller,20,1,7,26,4,12,0,1,1,2,1,2,3,1,0,1,3,9,3.7,2012
Donatas Motiej?nas,22,1,44,538,97,213,24,83,32,51,36,93,31,7,10,37,73,250,12.2,2012
Arnett Moultrie,22,1,47,542,78,134,0,0,18,28,76,145,10,17,10,19,43,174,11.5,2012
Kevin Murphy,22,1,17,52,7,28,1,5,0,0,0,4,2,1,0,3,4,15,3.1,2012
Andrew Nicholson,23,1,75,1249,256,486,0,0,75,94,69,258,44,24,32,79,133,587,16.7,2012
Kyle O'Quinn,22,1,57,638,101,197,0,1,30,45,65,209,52,11,26,37,107,232,11.2,2012
Tim Ohlbrecht,24,1,3,12,1,3,0,0,1,1,0,1,1,1,0,4,1,3,4,2012
Miles Plumlee,24,1,14,55,5,21,0,0,3,4,12,22,2,0,3,3,5,13,3.9,2012
Pablo Prigioni,35,1,78,1263,100,220,53,134,22,25,41,143,236,69,2,86,127,275,16.2,2012
Austin Rivers,20,1,61,1418,145,390,28,86,59,108,16,109,127,26,9,74,122,377,23.2,2012
Brian Roberts,27,1,78,1324,213,511,59,153,70,77,17,97,219,37,3,71,108,555,17,2012
Thomas Robinson,21,1,70,1056,138,321,0,1,57,109,122,315,46,41,26,88,124,333,15.1,2012
Terrence Ross,21,1,73,1239,186,457,65,196,30,42,35,144,53,43,14,48,122,467,17,2012
Robert Sacre,23,1,32,203,18,48,0,0,7,11,9,34,6,0,10,10,38,43,6.3,2012
Mike Scott,24,1,40,376,70,147,0,1,43,56,39,110,12,4,2,21,32,183,9.4,2012
Tornike Shengelia,21,1,19,93,10,23,1,2,9,16,9,23,3,3,1,11,11,30,4.9,2012
Alexey Shved,24,1,77,1840,236,635,85,288,108,150,41,175,286,54,27,147,117,665,23.9,2012
Henry Sims,22,1,2,5,2,3,0,0,0,0,2,2,0,0,0,1,1,4,2.5,2012
Kyle Singler,24,1,82,2293,275,642,70,200,100,124,109,330,77,57,37,98,217,720,28,2012
Jared Sullinger,20,1,45,892,111,225,1,5,47,63,92,264,35,22,22,29,154,270,19.8,2012
Jeff Taylor,23,1,77,1507,172,399,53,154,75,103,51,150,63,47,15,48,136,472,19.6,2012
Tyshawn Taylor,22,1,38,221,32,87,6,13,15,27,2,18,21,13,0,25,25,85,5.8,2012
Marquis Teague,19,1,48,392,43,113,4,23,9,16,3,44,63,9,7,35,47,99,8.2,2012
Mirza Teletovi?,27,1,53,499,71,185,37,108,9,11,33,95,23,13,8,20,53,188,9.4,2012
Jonas Valan?i?nas,20,1,62,1482,204,366,0,0,146,185,121,372,45,17,78,94,188,554,23.9,2012
Jarvis Varnado,24,1,13,58,3,7,0,0,2,4,2,9,3,1,2,6,10,8,4.5,2012
Dion Waiters,21,1,61,1756,336,815,63,203,159,213,22,149,183,59,16,121,113,894,28.8,2012
Maalik Wayns,21,1,27,202,26,88,7,31,17,19,1,7,27,6,0,15,26,76,7.5,2012
Chris Wright,23,1,3,4,1,2,0,0,0,0,0,0,0,0,0,1,0,2,1.3,2012
Tony Wroten,19,1,35,272,33,86,4,16,21,29,13,28,43,8,4,29,34,91,7.8,2012
Luke Zeller,25,1,16,58,9,26,1,5,0,0,1,10,3,0,0,0,5,19,3.6,2012
Tyler Zeller,23,1,77,2033,245,559,0,4,120,157,159,438,96,35,70,95,251,610,26.4,2012
Steven Adams,20,1,81,1197,93,185,0,0,79,136,142,332,43,40,57,71,203,265,14.8,2013
Giannis Antetokounmpo,19,1,77,1897,173,418,41,118,138,202,78,339,150,60,61,122,173,525,24.6,2013
Pero Anti?,31,1,50,925,123,294,56,171,50,66,57,209,58,19,12,55,126,352,18.5,2013
Chris Babb,23,1,14,132,8,30,6,27,0,0,4,17,3,6,0,3,13,22,9.4,2013
Anthony Bennett,20,1,52,663,80,225,13,53,44,69,49,155,17,21,8,47,93,217,12.8,2013
Vander Blue,21,1,3,15,2,4,0,1,1,5,0,3,1,0,0,2,1,5,5,2013
Lorenzo Brown,23,1,26,224,26,86,3,30,9,13,8,28,41,13,3,16,19,64,8.6,2013
Reggie Bullock,22,1,43,395,43,121,22,73,7,9,11,54,12,9,1,13,26,115,9.2,2013
Trey Burke,21,1,70,2262,341,897,111,336,102,113,37,208,396,42,6,131,145,895,32.3,2013
Dwight Buycks,24,1,14,146,15,48,5,17,8,9,4,23,10,8,0,10,11,43,10.4,2013
Nick Calathes,24,1,71,1173,142,311,19,61,44,72,23,137,207,66,8,101,117,347,16.5,2013
Kentavious Caldwell-Pope,20,1,80,1583,182,460,59,185,47,61,38,156,55,75,12,28,145,470,19.8,2013
Isaiah Canaan,22,1,22,252,31,87,18,55,21,29,7,24,22,8,4,21,25,101,11.5,2013
Michael Carter-Williams,22,1,70,2414,427,1054,55,208,258,367,101,437,441,130,43,247,213,1167,34.5,2013
Dionte Christmas,27,1,31,198,22,62,9,31,18,24,13,38,8,2,3,6,19,71,6.4,2013
Ian Clark,22,1,23,172,26,67,11,31,5,7,3,19,15,8,2,14,24,68,7.5,2013
Robert Covington,23,1,7,34,6,14,4,11,0,0,2,5,0,2,0,1,3,16,4.9,2013
Allen Crabbe,21,1,15,100,12,33,6,14,3,4,1,9,6,2,1,3,10,33,6.7,2013
Seth Curry,23,1,2,13,1,3,1,1,0,0,0,1,0,2,0,0,0,3,6.5,2013
Troy Daniels,22,1,5,75,15,31,12,25,0,0,0,4,5,0,0,3,6,42,15,2013
Gigi Datome,26,1,34,238,34,97,7,39,8,10,14,46,11,6,1,11,20,83,7,2013
Brandon Davies,22,1,51,575,54,128,2,10,34,53,38,109,28,24,8,35,92,144,11.3,2013
Dewayne Dedmon,24,1,31,390,38,83,0,0,21,32,38,127,5,7,22,18,66,97,12.6,2013
Matthew Dellavedova,23,1,72,1271,122,296,57,155,38,48,29,123,187,33,5,60,121,339,17.7,2013
Gorgui Dieng,24,1,60,818,113,227,1,1,59,93,103,300,39,30,50,54,108,286,13.6,2013
Shane Edwards,26,1,2,12,1,3,0,0,0,0,1,2,0,0,0,1,1,2,6,2013
Vítor Luiz Faverani,25,1,37,488,64,147,12,40,24,37,42,128,16,14,27,41,74,164,13.2,2013
Carrick Felix,23,1,7,38,7,14,2,5,3,4,1,6,4,0,0,4,4,19,5.4,2013
Jamaal Franklin,22,1,21,161,16,39,5,11,2,2,4,23,6,4,2,11,23,39,7.7,2013
Rudy Gobert,21,1,45,434,36,74,0,0,32,65,51,155,7,8,41,32,57,104,9.6,2013
Archie Goodwin,19,1,52,533,76,167,5,36,37,55,25,87,20,20,11,44,45,194,10.3,2013
Jorge Gutiérrez,25,1,15,244,25,54,3,12,9,12,3,22,30,10,1,14,37,62,16.3,2013
Justin Hamilton,23,1,8,72,9,20,3,9,5,5,4,7,0,5,0,4,8,26,9,2013
Tim Hardaway Jr.,21,1,81,1875,294,687,130,358,106,128,19,121,66,44,7,47,144,824,23.1,2013
Elias Harris,24,1,2,11,0,1,0,0,0,0,1,1,1,1,0,0,0,0,5.5,2013
Solomon Hill,22,1,28,226,17,40,7,23,6,7,9,41,12,5,2,13,19,47,8.1,2013
Scotty Hopson,24,1,2,7,0,4,0,2,1,2,0,0,1,1,0,0,0,1,3.5,2013
Robbie Hummel,24,1,53,655,67,177,32,89,15,16,35,132,23,16,2,10,57,181,12.4,2013
Sergey Karasev,20,1,22,156,12,35,4,19,9,10,0,16,6,3,1,11,22,37,7.1,2013
Ryan Kelly,22,1,59,1312,157,371,48,142,110,135,42,219,95,32,45,47,147,472,22.2,2013
Ognjen Kuzmi?,23,1,21,92,5,13,0,0,5,11,10,21,2,3,4,10,17,15,4.4,2013
Shane Larkin,21,1,48,489,52,137,12,38,16,25,11,42,71,26,1,39,46,132,10.2,2013
Ricky Ledo,21,1,11,33,6,17,3,8,4,4,0,2,2,1,0,2,2,19,3,2013
Alex Len,20,1,42,362,33,78,0,0,20,31,39,99,4,4,18,26,68,86,8.6,2013
Ray McCallum,22,1,45,897,113,300,22,59,32,43,18,79,120,22,9,39,69,280,19.9,2013
CJ McCollum,22,1,38,476,74,178,30,80,23,34,7,48,27,14,2,35,53,201,12.5,2013
Ben McLemore,20,1,82,2187,255,679,95,297,115,143,53,235,82,45,18,96,201,720,26.7,2013
Gal Mekel,25,1,31,292,30,86,5,20,8,12,5,27,63,4,1,31,31,73,9.4,2013
Tony Mitchell,21,1,21,79,5,12,1,1,11,19,15,26,2,6,3,4,9,22,3.8,2013
Tony Mitchell,24,1,3,10,3,5,0,1,0,0,1,1,1,1,0,0,0,6,3.3,2013
Shabazz Muhammad,21,1,37,290,57,124,3,11,26,40,24,53,6,8,1,16,24,143,7.8,2013
Erik Murphy,23,1,24,62,3,13,0,3,0,0,2,8,2,0,4,2,7,6,2.6,2013
Toure' Murry,24,1,51,373,56,129,5,12,23,39,13,44,49,19,1,34,46,140,7.3,2013
Mike Muscala,22,1,20,215,31,73,0,3,14,14,17,52,7,3,10,12,29,76,10.8,2013
Nemanja Nedovi?,22,1,24,142,8,39,3,18,7,8,3,15,13,0,1,13,13,26,5.9,2013
James Nunnally,23,1,13,165,15,46,8,25,6,9,1,19,8,6,2,7,11,44,12.7,2013
Victor Oladipo,21,1,80,2487,392,936,74,226,248,318,43,329,327,129,37,256,210,1106,31.1,2013
Kelly Olynyk,22,1,70,1400,234,502,40,114,99,122,140,365,109,35,27,106,227,607,20,2013
Arinze Onuaku,26,1,5,30,1,5,0,0,1,2,2,8,3,0,0,1,3,3,6,2013
Mason Plumlee,23,1,70,1275,199,302,0,3,122,195,99,308,60,49,55,77,171,520,18.2,2013
Otto Porter Jr.,20,1,37,319,33,91,4,21,8,12,21,57,10,8,1,14,26,78,8.6,2013
Phil Pressey,22,1,75,1132,78,253,28,106,29,45,20,105,241,68,5,87,97,213,15.1,2013
Miroslav Raduljica,26,1,48,465,68,126,0,0,45,55,54,108,23,7,13,28,84,181,9.7,2013
Glen Rice Jr.,23,1,11,109,11,37,5,17,5,7,4,20,7,6,1,9,7,32,9.9,2013
Andre Roberson,22,1,40,399,33,68,2,13,7,10,36,94,15,19,10,19,74,75,10,2013
Dennis Schröder,20,1,49,641,72,188,10,42,29,43,5,60,93,17,0,61,54,183,13.1,2013
Peyton Siva,23,1,24,224,18,57,7,25,11,15,2,14,34,9,1,18,27,54,9.3,2013
Chris Smith,26,1,2,2,0,0,0,0,0,0,0,0,0,0,0,0,0,0,1,2013
Tony Snell,22,1,77,1231,129,336,57,178,31,41,19,124,68,29,15,44,84,346,16,2013
James Southerland,23,1,4,30,5,15,3,6,1,2,0,8,0,1,2,1,3,14,7.5,2013
D.J. Stephens,23,1,3,15,3,7,0,0,1,1,1,5,0,0,0,0,0,7,5,2013
Adonis Thomas,20,1,6,37,6,14,1,5,1,1,0,3,3,0,0,1,6,14,6.2,2013
Hollis Thompson,22,1,77,1742,171,372,67,167,52,73,73,247,73,53,12,60,144,461,22.6,2013
Casper Ware,24,1,9,116,18,42,7,21,5,6,0,9,10,8,0,5,11,48,12.9,2013
Royce White,22,1,3,9,0,1,0,0,0,0,0,0,0,0,0,0,2,0,3,2013
Jeff Withey,23,1,58,684,69,129,0,1,52,73,49,150,26,15,50,20,73,190,11.8,2013
Nate Wolters,22,1,58,1309,170,389,18,62,59,90,33,149,187,35,15,57,67,417,22.6,2013
Cody Zeller,21,1,82,1416,172,404,0,1,146,200,118,353,92,40,41,87,170,490,17.3,2013
Jordan Adams,20,1,30,248,35,86,10,25,14,23,9,28,16,16,7,14,24,94,8.3,2014
Furkan Aldemir,23,1,41,540,40,78,0,5,13,27,78,176,28,17,16,17,96,93,13.2,2014
Kyle Anderson,21,1,33,358,31,89,3,11,9,14,5,72,28,15,7,10,28,74,10.8,2014
Cameron Bairstow,24,1,18,64,3,14,0,0,4,5,6,8,1,2,1,3,8,10,3.6,2014
Jerrelle Benimon,23,1,2,3,0,0,0,0,0,0,1,3,0,0,0,1,0,0,1.5,2014
Sim Bhullar,22,1,3,3,1,2,0,0,0,0,0,1,1,0,1,0,0,2,1,2014
Tarik Black,23,1,63,1196,157,273,0,1,65,118,142,368,42,19,24,48,158,379,19,2014
Bojan Bogdanovi?,25,1,78,1854,261,576,91,256,87,106,50,213,68,34,9,78,104,700,23.8,2014
Jabari Brown,22,1,19,568,70,170,23,62,64,85,3,36,40,12,2,32,33,227,29.9,2014
Markel Brown,23,1,47,781,76,210,17,64,47,57,16,107,39,31,12,27,57,216,16.6,2014
Bruno Caboclo,19,1,8,23,4,12,2,3,0,0,1,2,0,0,1,4,3,10,2.9,2014
Clint Capela,20,1,12,90,14,29,0,0,4,23,10,36,2,1,9,5,14,32,7.5,2014
Will Cherry,23,1,8,69,5,19,2,9,3,6,1,5,8,6,1,4,10,15,8.6,2014
Patrick Christopher,26,1,4,29,3,12,0,4,0,0,2,6,0,1,0,1,6,6,7.3,2014
Jordan Clarkson,22,1,59,1476,267,596,38,121,131,158,56,191,206,51,12,96,109,703,25,2014
Jack Cooley,23,1,16,87,9,22,0,0,9,21,10,25,1,6,3,3,23,27,5.4,2014
Bryce Cotton,22,1,15,159,29,69,7,20,15,18,3,18,15,4,0,12,6,80,10.6,2014
Andre Dawkins,23,1,4,22,1,6,1,6,0,0,0,2,1,0,0,1,3,3,5.5,2014
Spencer Dinwiddie,21,1,34,455,51,169,12,65,31,34,4,48,104,19,6,33,53,145,13.4,2014
Zoran Dragi?,25,1,16,75,11,30,3,14,3,5,5,8,5,2,0,5,6,28,4.7,2014
Larry Drew II,24,1,12,219,20,58,4,26,2,3,1,15,45,6,0,25,13,46,18.3,2014
Cleanthony Early,23,1,39,647,76,214,22,84,36,48,22,97,36,24,12,40,57,210,16.6,2014
James Ennis III,24,1,62,1051,101,247,31,95,79,94,51,176,48,25,17,39,89,312,17,2014
Tyler Ennis,20,1,33,411,52,144,12,43,5,7,7,35,73,18,5,42,36,121,12.5,2014
Dante Exum,19,1,82,1817,145,416,83,264,20,32,27,131,198,41,14,118,147,393,22.2,2014
Tim Frazier,24,1,11,239,21,61,5,17,10,21,6,28,60,8,0,25,26,57,21.7,2014
Langston Galloway,23,1,45,1457,204,511,62,176,63,78,37,190,150,52,12,61,129,533,32.4,2014
Aaron Gordon,19,1,47,797,93,208,13,48,44,61,46,169,33,21,22,38,83,243,17,2014
Drew Gordon,24,1,9,71,8,19,0,3,1,2,7,18,2,1,0,8,7,17,7.9,2014
Jerami Grant,20,1,65,1377,124,352,49,156,114,193,49,198,79,40,68,85,144,411,21.2,2014
Erick Green,23,1,43,410,61,162,14,47,10,12,7,31,39,12,0,14,26,146,9.5,2014
JaMychal Green,24,1,24,164,27,47,0,6,8,10,19,45,4,5,5,14,25,62,6.8,2014
P.J. Hairston,22,1,45,687,87,269,49,163,31,36,22,92,21,21,13,22,61,254,15.3,2014
Gary Harris,20,1,55,719,66,217,21,103,35,47,21,64,29,39,7,38,71,188,13.1,2014
Joe Harris,23,1,51,493,48,120,31,84,9,15,7,41,26,7,2,27,62,136,9.7,2014
Rodney Hood,22,1,50,1064,155,374,62,170,61,80,9,117,83,30,12,45,119,433,21.3,2014
Joe Ingles,27,1,79,1673,147,354,72,202,30,40,22,175,182,72,10,98,124,396,21.2,2014
Cory Jefferson,24,1,50,531,75,167,2,15,31,54,47,145,16,10,21,20,61,183,10.6,2014
Grant Jerrett,21,1,8,51,7,26,1,15,1,1,2,9,3,2,2,3,11,16,6.4,2014
Nick Johnson,22,1,28,262,26,75,5,21,17,25,13,39,11,7,3,19,34,74,9.4,2014
Tyler Johnson,22,1,32,603,70,167,18,48,32,47,14,81,42,33,9,30,42,190,18.8,2014
Sean Kilpatrick,25,1,4,72,7,20,4,13,4,4,1,6,4,3,0,2,3,22,18,2014
Alex Kirk,23,1,5,14,1,4,0,0,2,2,1,1,1,0,0,0,1,4,2.8,2014
Joffrey Lauvergne,23,1,24,268,36,89,3,16,18,28,27,77,13,8,10,22,43,93,11.2,2014
Zach LaVine,19,1,77,1902,286,677,57,167,149,177,27,214,276,54,10,193,158,778,24.7,2014
Kalin Lucas,25,1,1,6,0,1,0,0,0,0,0,0,0,1,0,0,1,0,6,2014
Devyn Marble,22,1,16,208,14,44,4,22,5,16,5,31,17,9,2,9,14,37,13,2014
James Michael McAdoo,22,1,15,137,24,44,0,0,14,25,15,37,2,5,9,6,21,62,9.1,2014
K.J. McDaniels,21,1,62,1352,172,434,43,150,100,133,65,200,72,44,70,105,126,487,21.8,2014
Doug McDermott,23,1,36,321,43,107,13,41,10,15,6,43,6,4,1,17,29,109,8.9,2014
Mitch McGary,22,1,32,485,88,165,0,2,25,40,53,165,14,16,16,31,72,201,15.2,2014
Jerel McNeal,27,1,6,36,3,11,1,2,2,2,0,3,2,3,1,5,5,9,6,2014
Elijah Millsap,27,1,47,924,81,238,28,90,58,86,28,150,58,56,16,67,124,248,19.7,2014
Nikola Miroti?,23,1,82,1654,253,624,99,313,228,284,63,404,97,54,54,89,172,833,20.2,2014
Eric Moreland,23,1,3,2,1,1,0,0,0,0,0,1,0,0,0,0,1,2,0.7,2014
Shabazz Napier,23,1,51,1012,87,228,43,118,44,56,17,113,130,40,4,81,76,261,19.8,2014
Nerlens Noel,20,1,75,2311,302,653,0,0,140,230,185,611,128,133,142,146,208,744,30.8,2014
Lucas Nogueira,22,1,6,23,2,8,0,0,2,4,2,11,1,2,0,2,6,6,3.8,2014
Jusuf Nurki?,20,1,62,1103,171,383,0,2,84,132,125,382,50,52,68,86,207,426,17.8,2014
Johnny O'Bryant,21,1,34,368,44,120,0,0,12,27,26,64,17,5,4,25,44,100,10.8,2014
Kostas Papanikolaou,24,1,43,795,69,197,31,106,13,18,39,118,85,29,13,55,71,182,18.5,2014
Jabari Parker,19,1,25,738,129,263,4,16,46,66,50,138,42,31,5,47,42,308,29.5,2014
Adreian Payne,23,1,32,739,91,220,1,9,30,46,48,162,30,19,9,44,88,213,23.1,2014
Elfrid Payton,20,1,82,2489,301,708,11,42,118,214,107,349,533,142,20,203,193,731,30.4,2014
Dwight Powell,23,1,29,236,31,67,3,11,25,33,18,50,9,9,6,11,40,90,8.1,2014
Julius Randle,20,1,1,14,1,3,0,0,0,2,0,0,0,0,0,1,1,2,14,2014
Glenn Robinson III,21,1,35,261,26,67,5,19,16,24,15,39,11,6,1,11,15,73,7.5,2014
Damjan Rudež,28,1,68,1047,119,263,69,170,16,23,8,47,53,16,5,47,79,323,15.4,2014
JaKarr Sampson,21,1,74,1131,146,346,31,127,63,94,35,163,77,38,26,76,135,386,15.3,2014
Marcus Smart,20,1,67,1808,175,477,91,272,82,127,61,222,208,99,18,90,176,523,27,2014
Russ Smith,23,1,12,65,8,25,2,11,12,13,1,6,8,3,0,12,13,30,5.4,2014
Nik Stauskas,21,1,73,1127,108,296,48,149,55,64,11,88,67,20,17,40,92,319,15.4,2014
David Stockton,23,1,3,33,2,6,1,2,3,6,0,2,9,2,0,4,1,8,11,2014
Jarnell Stokes,21,1,19,126,21,37,0,0,15,28,16,34,4,5,5,7,25,57,6.6,2014
Noah Vonleh,19,1,25,259,30,76,5,13,18,26,28,86,4,4,9,11,20,83,10.4,2014
T.J. Warren,21,1,40,614,113,214,5,21,14,19,41,85,25,18,9,27,51,245,15.4,2014
David Wear,24,1,2,7,0,2,0,1,0,0,2,2,1,0,0,0,1,0,3.5,2014
Travis Wear,24,1,51,672,84,209,11,30,20,26,31,106,40,15,11,35,55,199,13.2,2014
Shayne Whittington,23,1,20,108,19,42,1,6,18,23,10,29,6,5,2,5,18,57,5.4,2014
Andrew Wiggins,19,1,82,2969,497,1137,39,126,354,466,134,374,170,86,50,177,190,1387,36.2,2014
C.J. Wilcox,24,1,21,101,16,38,7,19,2,2,1,7,8,3,1,10,7,41,4.8,2014
James Young,19,1,31,332,36,102,17,66,16,29,9,42,13,8,2,5,22,105,10.7,2014
Cliff Alexander,20,1,8,36,5,10,0,0,0,0,2,6,0,1,2,1,1,10,4.5,2015
Justin Anderson,22,1,55,647,71,175,22,83,44,55,18,132,29,19,25,24,45,208,11.8,2015
Thanasis Antetokounmpo,23,1,2,6,3,4,0,1,0,0,0,1,0,0,0,0,2,6,3,2015
Keith Appling,23,1,5,27,2,8,0,3,2,2,0,1,1,1,0,3,5,6,5.4,2015
Nemanja Bjelica,27,1,60,1075,110,235,48,125,40,55,49,210,83,26,21,47,154,308,17.9,2015
Devin Booker,19,1,76,2108,367,867,99,289,215,256,27,187,200,44,20,160,225,1048,27.7,2015
Anthony Brown,23,1,29,599,39,126,20,70,17,20,9,70,19,14,5,15,34,115,20.7,2015
Willie Cauley-Stein,22,1,66,1412,191,339,0,2,81,125,134,352,37,48,66,46,146,463,21.4,2015
Rakeem Christmas,24,1,1,6,2,2,0,0,0,0,1,1,0,0,0,0,1,4,6,2015
Coty Clarke,23,1,3,6,2,4,2,2,0,0,0,1,0,0,0,1,0,6,2,2015
Pat Connaughton,23,1,34,143,13,49,5,21,5,5,11,32,10,2,0,10,6,36,4.2,2015
Branden Dawson,22,1,6,29,2,5,0,0,1,1,2,4,0,0,1,0,2,5,4.8,2015
Bryce Dejean-Jones,23,1,14,279,28,69,12,32,11,21,8,48,15,10,2,11,17,79,19.9,2015
Sam Dekker,21,1,3,6,0,0,0,0,0,0,0,1,0,1,0,0,0,0,2,2015
Duje Dukan,24,1,1,24,2,10,2,5,0,0,2,4,1,1,0,0,2,6,24,2015
Jarell Eddie,24,1,26,147,20,65,15,47,8,8,2,23,5,5,1,1,5,63,5.7,2015
Cristiano Felício,23,1,31,321,40,72,0,4,25,35,30,102,26,6,13,13,31,105,10.4,2015
Jerian Grant,23,1,76,1265,154,391,22,100,96,123,23,143,177,50,10,87,97,426,16.6,2015
Montrezl Harrell,22,1,39,379,58,90,0,1,24,46,25,65,17,11,11,17,48,140,9.7,2015
Aaron Harrison,21,1,21,93,5,19,3,10,5,12,4,15,2,6,0,4,10,18,4.4,2015
Mario Hezonja,20,1,79,1413,181,418,67,192,49,54,28,176,109,39,17,97,124,478,17.9,2015
Darrun Hilliard,22,1,38,383,52,131,19,50,29,40,5,45,27,9,1,19,28,152,10.1,2015
Rondae Hollis-Jefferson,21,1,29,615,63,138,4,14,37,52,39,154,43,39,16,26,61,167,21.2,2015
Richaun Holmes,22,1,51,702,114,222,8,44,51,74,62,135,33,19,40,32,92,287,13.8,2015
Marcelo Huertas,32,1,53,869,97,230,16,61,27,29,18,90,182,26,7,80,76,237,16.4,2015
Josh Huestis,24,1,5,55,5,12,4,6,0,4,2,10,0,1,2,3,3,14,11,2015
R.J. Hunter,22,1,36,315,36,98,19,63,6,7,2,37,13,14,4,11,29,97,8.8,2015
Damien Inglis,20,1,20,156,13,37,3,13,7,8,2,31,10,6,3,11,11,36,7.8,2015
Stanley Johnson,19,1,73,1687,225,600,63,205,80,102,58,306,118,55,12,114,178,593,23.1,2015
Nikola Joki?,20,1,80,1733,307,600,28,84,154,190,181,560,189,79,50,104,208,796,21.7,2015
Tyus Jones,19,1,37,573,56,156,16,53,28,39,7,47,108,31,3,33,33,156,15.5,2015
Frank Kaminsky,22,1,81,1708,215,525,68,202,108,148,69,335,98,38,43,58,126,606,21.1,2015
Sasha Kaun,30,1,25,95,9,17,0,0,5,11,12,26,3,4,5,7,11,23,3.8,2015
Kevon Looney,19,1,5,21,4,7,1,2,0,0,4,10,0,0,0,1,2,9,4.2,2015
Trey Lyles,20,1,80,1382,191,436,49,128,57,82,59,299,59,26,18,65,114,488,17.3,2015
Boban Marjanovi?,27,1,54,508,105,174,0,0,87,114,73,194,21,12,23,29,54,297,9.4,2015
Jarell Martin,21,1,27,380,54,116,0,2,45,62,39,86,15,8,7,19,58,153,14.1,2015
T.J. McConnell,23,1,81,1606,218,464,31,89,26,41,43,250,367,95,10,140,114,493,19.8,2015
Chris McCullough,20,1,24,362,44,109,13,34,11,23,25,68,9,28,12,15,39,112,15.1,2015
Jordan McRae,24,1,22,195,34,78,10,22,21,28,4,20,25,3,1,15,17,99,8.9,2015
Salah Mejri,29,1,34,397,49,78,0,1,27,46,41,123,10,8,36,23,54,125,11.7,2015
Jordan Mickey,21,1,16,57,8,22,0,0,5,10,6,13,1,0,11,1,5,21,3.6,2015
Luis Montero,22,1,12,42,5,19,1,9,3,4,0,4,1,0,0,4,1,14,3.5,2015
Emmanuel Mudiay,19,1,68,2068,329,905,74,232,140,209,32,232,372,65,35,217,141,872,30.4,2015
Xavier Munford,23,1,14,244,32,77,9,23,7,14,3,31,22,13,3,15,25,80,17.4,2015
Larry Nance Jr.,23,1,63,1266,158,300,1,10,32,47,101,312,44,54,23,41,124,349,20.1,2015
Raul Neto,23,1,81,1499,180,418,64,162,52,70,17,120,174,62,2,109,122,476,18.5,2015
J.J. O'Brien,23,1,2,6,0,1,0,0,0,0,0,1,0,1,0,0,1,0,3,2015
Jahlil Okafor,20,1,53,1591,397,781,1,6,133,194,122,373,65,22,61,124,140,928,30,2015
Kelly Oubre Jr.,20,1,63,671,90,211,25,79,31,49,25,133,13,22,7,34,100,236,10.7,2015
Lamar Patterson,24,1,35,395,28,80,12,49,16,22,4,50,39,9,2,23,45,84,11.3,2015
Cameron Payne,21,1,57,698,114,278,36,111,19,24,9,85,108,36,6,44,80,283,12.2,2015
Tibor Pleiß,26,1,12,82,11,25,0,2,2,2,6,15,2,1,2,8,19,24,6.8,2015
Bobby Portis,20,1,62,1102,186,436,16,52,48,66,123,337,52,25,22,54,100,436,17.8,2015
Kristaps Porzi??is,20,1,72,2047,373,886,81,243,201,240,132,526,94,53,134,121,205,1028,28.4,2015
Norman Powell,22,1,49,725,97,229,36,89,43,53,16,111,47,29,10,32,59,273,14.8,2015
Willie Reed,25,1,39,426,76,133,0,0,30,55,49,122,10,6,30,16,47,182,10.9,2015
Josh Richardson,22,1,52,1107,123,272,53,115,42,63,21,107,73,36,25,35,107,341,21.3,2015
Terry Rozier,21,1,39,311,29,106,6,27,8,10,24,63,37,6,1,19,23,72,8,2015
D'Angelo Russell,19,1,80,2259,392,956,130,370,140,190,47,274,266,93,13,196,142,1054,28.2,2015
Jonathon Simmons,26,1,55,813,122,242,18,47,69,92,16,96,58,24,5,53,103,331,14.8,2015
Alex Stepheson,28,1,8,73,9,27,0,0,4,12,19,28,2,1,5,0,12,22,9.1,2015
Edy Tavares,23,1,11,73,11,19,0,0,3,8,7,21,3,1,6,5,8,25,6.6,2015
Axel Toupane,23,1,21,305,25,70,13,40,13,17,8,31,15,7,6,6,40,76,14.5,2015
Karl-Anthony Towns,20,1,82,2627,625,1153,30,88,223,275,229,858,161,58,138,183,245,1503,32,2015
Myles Turner,19,1,60,1367,264,530,3,14,88,121,68,332,41,25,86,67,158,619,22.8,2015
Rashad Vaughn,19,1,70,1001,81,266,43,147,12,15,11,88,39,29,16,28,73,217,14.3,2015
Briante Weber,23,1,7,169,14,39,0,5,3,4,8,25,21,9,3,9,12,31,24.1,2015
Alan Williams,23,1,10,68,10,24,0,0,9,14,14,38,5,4,5,6,15,29,6.8,2015
Justise Winslow,19,1,78,2232,195,462,32,116,80,117,81,403,117,68,26,95,184,502,28.6,2015
Christian Wood,20,1,17,145,22,53,4,11,13,21,13,38,3,5,7,2,11,61,8.5,2015
Delon Wright,23,1,27,229,36,80,5,13,26,35,8,37,31,8,3,16,7,103,8.5,2015
Joe Young,23,1,41,384,62,169,10,46,20,25,6,50,65,15,0,33,30,154,9.4,2015
Álex Abrines,23,1,68,1055,134,341,94,247,44,49,18,86,40,37,8,33,114,406,15.5,2016
Ron Baker,23,1,52,857,82,217,23,86,28,43,12,98,107,34,8,56,74,215,16.5,2016
Wade Baldwin,20,1,33,405,36,115,3,22,31,37,11,46,61,18,7,39,40,106,12.3,2016
Malik Beasley,20,1,22,165,33,73,9,28,8,10,5,17,11,7,0,8,10,83,7.5,2016
DeAndre' Bembry,22,1,38,371,47,98,1,18,6,16,14,59,28,8,5,16,21,101,9.8,2016
Dragan Bender,19,1,43,574,57,161,28,101,4,11,23,103,23,10,22,32,74,146,13.3,2016
Ben Bentil,21,1,3,10,0,3,0,1,0,0,0,2,0,0,0,1,1,0,3.3,2016
D?vis Bert?ns,24,1,67,808,103,234,69,173,28,34,22,98,46,20,28,32,75,303,12.1,2016
Joel Bolomboy,23,1,12,53,9,16,1,4,3,6,4,17,2,1,2,2,1,22,4.4,2016
Malcolm Brogdon,24,1,75,1982,290,635,78,193,109,126,47,213,317,84,12,113,140,767,26.4,2016
Jaylen Brown,20,1,78,1341,192,423,46,135,85,124,45,220,64,35,18,68,142,515,17.2,2016
Nicolás Brussino,23,1,54,521,52,141,29,95,17,22,26,95,47,17,8,26,43,150,9.6,2016
Marquese Chriss,19,1,82,1743,284,632,72,224,113,181,96,348,60,67,70,108,263,753,21.3,2016
Semaj Christon,24,1,64,973,77,223,12,63,17,31,19,87,130,28,7,43,79,183,15.2,2016
Quinn Cook,23,1,14,188,33,66,11,26,2,5,1,7,26,4,0,13,13,79,13.4,2016
Deyonta Davis,20,1,36,238,24,47,0,0,10,18,20,60,2,3,17,8,40,58,6.6,2016
Malcolm Delaney,27,1,73,1248,145,388,26,110,75,93,10,123,193,39,1,95,112,391,17.1,2016
Cheick Diallo,20,1,17,199,36,76,0,0,15,21,23,73,4,4,7,7,17,87,11.7,2016
Kris Dunn,22,1,78,1333,118,313,21,73,36,59,24,166,188,78,36,89,178,293,17.1,2016
Henry Ellenson,20,1,19,146,23,64,10,35,4,8,8,41,7,1,1,14,6,60,7.7,2016
Joel Embiid,22,1,31,786,200,429,36,98,191,244,61,243,66,27,76,117,112,627,25.4,2016
Kay Felder,21,1,42,386,62,158,7,22,35,49,3,41,58,18,7,30,38,166,9.2,2016
Yogi Ferrell,23,1,46,1197,160,394,68,176,74,89,20,111,172,42,9,70,90,462,26,2016
Dorian Finney-Smith,23,1,81,1642,124,333,56,191,46,61,55,222,67,52,25,45,125,350,20.3,2016
Bryn Forbes,23,1,36,285,36,99,17,53,5,6,2,23,23,1,0,11,20,94,7.9,2016
Patricio Garino,23,1,5,43,0,7,0,5,0,0,1,7,0,0,0,3,4,0,8.6,2016
Michael Gbinije,24,1,9,32,1,10,0,4,2,2,2,3,2,0,0,0,2,4,3.6,2016
Marcus Georges-Hunt,22,1,5,48,2,7,1,2,9,10,1,9,3,1,0,2,5,14,9.6,2016
Jonathan Gibson,29,1,17,231,35,95,15,45,21,29,1,22,26,8,0,21,21,106,13.6,2016
Treveon Graham,23,1,27,189,19,40,9,15,10,15,5,22,6,6,1,3,18,57,7,2016
A.J. Hammons,24,1,22,163,17,42,5,10,9,20,8,36,4,1,13,10,21,48,7.4,2016
Andrew Harrison,22,1,72,1474,117,360,43,156,148,194,23,136,198,53,21,85,194,425,20.5,2016
Juancho Hernangómez,21,1,62,842,101,224,46,113,57,76,43,187,29,30,12,31,62,305,13.6,2016
Willy Hernangómez,22,1,72,1324,246,465,4,15,91,125,170,502,96,41,36,100,150,587,18.4,2016
Buddy Hield,24,1,82,1888,327,767,148,379,64,76,35,269,121,38,9,101,115,866,23,2016
Danuel House Jr.,23,1,1,1,0,0,0,0,0,0,0,1,0,0,0,0,0,0,1,2016
Brandon Ingram,19,1,79,2279,276,686,55,187,133,214,60,316,166,50,36,116,158,740,28.8,2016
Demetrius Jackson,22,1,5,17,3,4,1,1,3,6,2,4,3,0,0,0,0,10,3.4,2016
Pierre Jackson,25,1,8,84,13,39,3,11,6,7,1,9,19,2,0,3,5,35,10.5,2016
Brice Johnson,22,1,3,9,2,7,0,0,0,0,1,3,1,2,1,1,0,4,3,2016
Damian Jones,21,1,10,85,8,16,0,0,3,10,9,23,0,1,4,6,15,19,8.5,2016
Derrick Jones Jr.,19,1,32,545,68,121,3,11,29,41,39,79,12,14,13,13,63,168,17,2016
Mindaugas Kuzminskas,27,1,68,1016,158,369,54,168,55,68,47,126,69,29,11,51,79,425,14.9,2016
Skal Labissière,20,1,33,612,117,218,3,8,52,74,51,162,27,16,13,37,64,289,18.5,2016
Nicolás Laprovíttola,27,1,18,174,20,47,10,27,9,9,1,10,28,4,1,19,19,59,9.7,2016
Jake Layman,22,1,35,249,26,89,13,51,13,17,6,24,11,9,3,11,22,78,7.1,2016
Caris LeVert,22,1,57,1237,171,380,59,184,67,93,23,188,110,49,8,59,91,468,21.7,2016
Shawn Long,24,1,18,234,61,109,7,19,19,35,41,85,13,9,9,13,49,148,13,2016
Timothé Luwawu-Cabarrot,21,1,69,1190,145,361,50,161,105,123,25,149,75,32,10,73,154,445,17.2,2016
Sheldon Mac,24,1,30,287,30,75,7,30,23,27,4,34,15,8,2,5,17,90,9.6,2016
Thon Maker,19,1,57,562,83,181,28,74,32,49,40,114,23,10,26,17,84,226,9.9,2016
Patrick McCaw,21,1,71,1074,106,245,41,123,29,37,21,100,77,32,15,36,62,282,15.1,2016
Rodney McGruder,25,1,78,1966,190,460,73,220,44,71,94,256,124,46,18,56,140,497,25.2,2016
Dejounte Murray,20,1,38,322,50,116,9,23,21,30,6,42,48,8,6,38,29,130,8.5,2016
Jamal Murray,19,1,82,1764,295,730,115,344,106,120,41,214,170,51,24,113,124,811,21.5,2016
Maurice Ndour,24,1,32,331,39,86,1,7,19,26,22,64,8,15,8,12,30,98,10.3,2016
Georges Niang,23,1,23,93,9,36,1,12,2,2,2,17,5,3,0,5,6,21,4,2016
David Nwaba,24,1,20,397,47,81,1,5,25,39,17,63,14,13,7,11,36,120,19.9,2016
Daniel Ochefu,23,1,19,75,12,27,0,0,0,2,5,22,3,2,0,3,17,24,3.9,2016
Chinanu Onuaku,20,1,5,52,5,7,0,0,4,4,2,10,3,3,1,4,6,14,10.4,2016
Georgios Papagiannis,19,1,22,355,56,102,0,2,12,14,24,86,20,3,17,24,44,124,16.1,2016
Gary Payton II,24,1,6,99,8,22,1,9,3,5,0,12,13,3,4,10,9,20,16.5,2016
Marshall Plumlee,24,1,21,170,16,30,0,0,8,19,23,51,10,4,4,12,23,40,8.1,2016
Jakob Poeltl,21,1,54,626,67,115,0,0,31,57,78,165,12,17,20,29,113,165,11.6,2016
Alex Poythress,23,1,6,157,25,54,6,19,8,10,11,29,5,3,2,3,14,64,26.2,2016
Taurean Prince,22,1,59,981,114,285,33,102,74,94,25,157,55,43,27,61,96,335,16.6,2016
Tim Quarterman,22,1,16,80,13,29,5,13,0,3,4,14,11,2,3,11,6,31,5,2016
Chasson Randle,23,1,26,299,40,98,16,47,41,43,6,32,34,9,2,19,39,137,11.5,2016
Malachi Richardson,21,1,22,198,28,68,8,28,15,19,3,23,11,5,1,8,23,79,9,2016
Domantas Sabonis,20,1,81,1632,192,481,51,159,44,67,46,288,82,39,32,83,200,479,20.1,2016
Dario Šari?,22,1,81,2129,381,927,106,341,172,220,112,513,182,57,30,183,162,1040,26.3,2016
Tomáš Satoranský,25,1,57,719,61,147,9,37,23,33,25,83,92,26,6,38,60,154,12.6,2016
Wayne Selden,22,1,14,236,25,58,7,28,14,22,1,16,13,6,1,12,18,71,16.9,2016
Pascal Siakam,22,1,55,859,103,205,1,7,22,32,64,185,17,26,45,33,109,229,15.6,2016
Diamond Stone,19,1,7,24,3,13,0,0,4,4,1,6,0,0,1,2,5,10,3.4,2016
Isaiah Taylor,22,1,4,52,1,7,0,2,1,2,1,3,3,1,1,0,6,3,13,2016
Mike Tobey,22,1,2,25,1,4,0,0,0,0,2,3,1,0,0,1,2,2,12.5,2016
Tyler Ulis,21,1,61,1123,184,437,21,79,55,71,20,95,226,48,5,77,73,444,18.4,2016
Jarrod Uthoff,23,1,9,115,16,38,3,9,5,7,8,22,9,2,4,3,8,40,12.8,2016
Denzel Valentine,23,1,57,976,102,288,73,208,14,18,11,151,63,30,7,49,86,291,17.1,2016
Fred VanVleet,22,1,37,294,39,111,11,29,18,22,4,42,35,16,3,15,36,107,7.9,2016
Okaro White,24,1,35,471,33,87,12,34,20,22,25,82,21,10,10,18,52,98,13.5,2016
Isaiah Whitehead,21,1,73,1643,204,508,44,149,91,113,32,184,192,42,36,142,175,543,22.5,2016
Troy Williams,22,1,30,557,73,167,18,62,21,32,15,69,25,27,10,32,60,185,18.6,2016
Kyle Wiltjer,24,1,14,44,4,14,4,13,1,2,4,10,2,3,1,5,4,13,3.1,2016
Stephen Zimmerman,20,1,19,108,10,31,0,0,3,5,11,35,4,2,5,3,17,23,5.7,2016
Paul Zipser,22,1,44,843,88,221,33,99,31,40,15,125,36,15,16,40,78,240,19.2,2016
Ivica Zubac,19,1,38,609,126,238,0,3,32,49,41,159,30,14,33,30,66,284,16,2016
